pais,year,exports_usd
Afganistán,2014,38.97
Albania,2014,39.12
Alemania,2014,119479.01
Angola,2014,434.96
Anguila,2014,9.07
Antigua y Barbuda,2014,489.98
Antártida,2014,23.62
Arabia Saudita,2014,7656.61
Argelia,2014,88.19
Argentina,2014,5460.0
Armenia,2014,1.19
Aruba,2014,21175.47
Australia,2014,23000.55
Austria,2014,382.91
Bahamas,2014,10333.43
Barbados,2014,10141.67
Baréin,2014,44.27
Belice,2014,12405.85
Bermudas,2014,349.87
Bielorrusia,2014,22.58
Bolivia,2014,1778.78
"Bonaire, San Eustaquio y Saba",2014,0.18
Brasil,2014,26393.39
Bulgaria,2014,863.05
Burkina Faso,2014,53.33
Burundi,2014,8.0
Bélgica,2014,366157.99
Camerún,2014,4148.96
Canadá,2014,71871.83
Catar,2014,179.62
Chile,2014,39208.48
China,2014,336922.01
Chipre,2014,59.13
Colombia,2014,80264.92
Congo,2014,55.42
Corea del Norte,2014,487.13
Corea del Sur,2014,66238.06
Costa de Marfil,2014,431.53
Croacia,2014,607.35
Cuba,2014,37580.15
Curacao,2014,1887.39
Dinamarca,2014,9473.89
Dominica,2014,855.27
Ecuador,2014,54361.81
Egipto,2014,1780.13
El Salvador,2014,295272.02
Emiratos Arabes Unidos,2014,5371.57
Eslovaquia,2014,358.1
Eslovenia,2014,116.79
España,2014,115182.66
Estados Unidos,2014,4126735.07
Estonia,2014,61.86
Etiopía,2014,0.36
Filipinas,2014,4939.43
Finlandia,2014,18146.69
Fiyi,2014,11.83
Francia,2014,79376.64
Gabón,2014,80.0
Georgia,2014,187.37
Ghana,2014,88.89
Granada,2014,898.71
Grecia,2014,34790.48
Guadalupe,2014,3329.58
Guam,2014,43.83
Guatemala,2014,482827.21
Guayana Francesa,2014,282.48
Guinea Ecuatoriana,2014,5.35
Guyana,2014,21392.55
Haití,2014,17772.76
Holanda,2014,694802.19
Honduras,2014,329371.83
Hong Kong,2014,409413.37
Hungría,2014,92.03
India,2014,16701.87
Indonesia,2014,682.74
Irak,2014,25.57
Irlanda,2014,83463.47
Irán,2014,98.67
Islas Caimán,2014,294.87
Islas Turcas y Caicos,2014,38.36
Islas Vírgenes,2014,400.86
Islas Vírgenes Británicas,2014,6.08
Israel,2014,6003.35
Italia,2014,145855.3
Jamaica,2014,48557.76
Japón,2014,92628.29
Jordania,2014,754.44
Kenia,2014,53.3
Kuwait,2014,204.39
Letonia,2014,330.94
Liberia,2014,21.42
Libia,2014,4292.72
Lituania,2014,5061.82
Luxemburgo,2014,2.79
Líbano,2014,1599.19
Macedonia,2014,2.63
Malasia,2014,395222.23
Malta,2014,638.62
Malí,2014,20.15
Marruecos,2014,1849.33
Martinica,2014,3564.96
Mauricio,2014,0.56
Mauritania,2014,36.87
Montenegro,2014,1126.14
Mozambique,2014,68.87
Myanmar,2014,135.0
México,2014,267000.17
ND,2014,119.93
Nicaragua,2014,530518.85
Nigeria,2014,201.3
Noruega,2014,22918.08
Nueva Caledonia,2014,61.38
Nueva Zelanda,2014,24615.22
Omán,2014,189.12
Pakistán,2014,260.45
Palaos,2014,3.35
Palestina,2014,109.44
Panamá,2014,610702.45
Papúa Nueva Guinea,2014,10.11
Paraguay,2014,1095.08
Perú,2014,16782.25
Polinesia Francesa,2014,3.17
Polonia,2014,5258.48
Portugal,2014,14389.58
Puerto Rico,2014,134626.96
Reino Unido-UE,2014,242848.68
República Centroafricana,2014,0.01
República Checa,2014,96.76
República Democrática del Congo,2014,57.13
República Dominicana,2014,267302.46
Reunión,2014,46.34
Rumania,2014,273.73
Rusia,2014,22955.48
San Cristóbal y Nieves,2014,180.06
San Vicente y las Granadinas,2014,903.82
Santa Helena,2014,34.98
Santa Lucía,2014,2736.78
Senegal,2014,1.5
Serbia,2014,28.24
Seychelles,2014,0.01
Sierra Leona,2014,24.06
Singapur,2014,41022.46
Siria,2014,1272.38
Sri Lanka,2014,40.29
Sudáfrica,2014,2395.83
Suecia,2014,27205.47
Suiza,2014,4189.96
Surinam,2014,9284.33
Tailandia,2014,2112.63
Taiwán,2014,54354.65
Tanzania,2014,219.16
Trinidad y Tobago,2014,60201.91
Turquía,2014,35091.43
Túnez,2014,263.04
Ucrania,2014,7545.91
Uganda,2014,26.0
Uruguay,2014,2279.57
Uzbekistán,2014,0.52
Venezuela,2014,54140.7
Vietnam,2014,42592.34
Yemen,2014,72.26
Yibuti,2014,1.88
Zambia,2014,35.1
Afganistán,2015,195.84
Albania,2015,311.11
Alemania,2015,148961.57
Anguila,2015,27.43
Antigua y Barbuda,2015,427.85
Antillas Holandesas,2015,527.61
Arabia Saudita,2015,9369.1
Argelia,2015,92.34
Argentina,2015,9569.67
Armenia,2015,0.66
Aruba,2015,20870.58
Australia,2015,31325.07
Austria,2015,186.22
Bahamas,2015,7023.13
Barbados,2015,7857.78
Baréin,2015,38.69
Belice,2015,11821.07
Bermudas,2015,279.48
Bielorrusia,2015,1.84
Bolivia,2015,1261.26
Botsuana,2015,196.4
Brasil,2015,21452.01
Bulgaria,2015,33.63
Burkina Faso,2015,248.69
Bélgica,2015,426984.41
Cabo Verde,2015,9.23
Camerún,2015,3817.56
Canadá,2015,108110.47
Catar,2015,220.9
Chile,2015,33749.91
China,2015,81151.99
Chipre,2015,47.23
Colombia,2015,82161.16
Corea del Norte,2015,71.31
Corea del Sur,2015,50610.61
Costa de Marfil,2015,187.81
Croacia,2015,926.79
Cuba,2015,29473.25
Curacao,2015,1668.51
Dinamarca,2015,5946.44
Dominica,2015,1115.39
Ecuador,2015,43336.91
Egipto,2015,682.94
El Salvador,2015,293678.15
Emiratos Arabes Unidos,2015,2619.78
Eslovaquia,2015,327.39
Eslovenia,2015,1908.18
España,2015,125941.91
Estados Unidos,2015,3781539.82
Estonia,2015,107.76
Etiopía,2015,7.69
Filipinas,2015,3625.66
Finlandia,2015,26059.38
Fiyi,2015,31.32
Francia,2015,112253.54
Gabón,2015,476.12
Georgia,2015,2.57
Ghana,2015,257.12
Granada,2015,621.04
Grecia,2015,30108.85
Guadalupe,2015,2765.7
Guam,2015,56.51
Guatemala,2015,539287.15
Guayana Francesa,2015,249.33
Guinea,2015,7.23
Guinea-Bisáu,2015,41.99
Guyana,2015,11943.37
Haití,2015,19726.29
Holanda,2015,442239.83
Honduras,2015,342685.63
Hong Kong,2015,67127.45
Hungría,2015,581.56
India,2015,14084.28
Indonesia,2015,105.41
Irak,2015,49.54
Irlanda,2015,70214.11
Irán,2015,120.69
Islas Caimán,2015,864.82
Islas Turcas y Caicos,2015,0.06
Islas Vírgenes,2015,485.62
Islas Vírgenes Británicas,2015,41.55
Israel,2015,8789.59
Italia,2015,168519.88
Jamaica,2015,46411.82
Japón,2015,97207.83
Jordania,2015,212.91
Kazajistán,2015,263.83
Kenia,2015,61.28
Kirguistan,2015,50.5
Kuwait,2015,2537.69
Letonia,2015,286.8
Liberia,2015,32.66
Libia,2015,805.23
Lituania,2015,9625.01
Luxemburgo,2015,29.03
Líbano,2015,1661.05
Madagascar,2015,3.2
Malasia,2015,6245.65
Malta,2015,566.72
Malí,2015,63.76
Marruecos,2015,3009.47
Martinica,2015,3690.06
Montenegro,2015,2348.89
Myanmar,2015,308.7
México,2015,244894.57
ND,2015,96.96
Nicaragua,2015,548609.56
Nigeria,2015,163.87
Noruega,2015,26377.98
Nueva Caledonia,2015,1051.42
Nueva Zelanda,2015,4364.84
Omán,2015,98.3
Pakistán,2015,266.31
Palaos,2015,3.13
Panamá,2015,576596.61
Paraguay,2015,1687.0
Perú,2015,18114.38
Polinesia Francesa,2015,2.99
Polonia,2015,5284.95
Portugal,2015,19069.25
Puerto Rico,2015,119019.11
Reino Unido-UE,2015,180044.43
República Checa,2015,60.99
República Dominicana,2015,263294.83
Reunión,2015,49.17
Rumania,2015,749.59
Rusia,2015,19286.11
Sahara Occidental,2015,0.15
San Cristóbal y Nieves,2015,238.04
San Martín,2015,111.99
San Vicente y las Granadinas,2015,1333.8
Santa Helena,2015,1.83
Santa Lucía,2015,1671.45
Serbia,2015,30.69
Sierra Leona,2015,128.56
Singapur,2015,28961.21
Siria,2015,329.57
Sri Lanka,2015,0.36
Sudáfrica,2015,3308.5
Suecia,2015,12152.41
Suiza,2015,6316.94
Surinam,2015,10382.52
Tailandia,2015,3883.82
Taiwán,2015,18440.62
Tanzania,2015,71.13
Togo,2015,51.01
Trinidad y Tobago,2015,60307.97
Turquía,2015,31342.05
Túnez,2015,358.35
Ucrania,2015,2937.53
Uganda,2015,50.76
Uruguay,2015,1920.72
Uzbekistán,2015,49.3
Venezuela,2015,51350.21
Vietnam,2015,7389.39
Zambia,2015,96.48
Zimbabue,2015,0.75
Albania,2016,129.77
Alemania,2016,131876.88
Anguila,2016,3.6
Antigua y Barbuda,2016,517.01
Antillas Holandesas,2016,1649.07
Arabia Saudita,2016,6422.6
Argelia,2016,16.0
Argentina,2016,7675.22
Aruba,2016,19456.8
Australia,2016,24348.06
Austria,2016,528.58
Bahamas,2016,7041.16
Bangladés,2016,98.15
Barbados,2016,8986.09
Baréin,2016,40.99
Belice,2016,11254.85
Bermudas,2016,335.67
Bolivia,2016,2296.64
Bosnia y Herzegovina,2016,13.75
Brasil,2016,35529.49
Bulgaria,2016,173.19
Burkina Faso,2016,105.36
Bélgica,2016,526318.33
Camerún,2016,3396.68
Canadá,2016,90484.91
Catar,2016,40.04
Chile,2016,35678.81
China,2016,102270.24
Chipre,2016,85.88
Colombia,2016,70574.14
Corea del Norte,2016,37.07
Corea del Sur,2016,46336.84
Costa de Marfil,2016,302.97
Croacia,2016,331.22
Cuba,2016,32919.21
Curacao,2016,1438.19
Dinamarca,2016,4336.69
Dominica,2016,1021.79
Ecuador,2016,37510.65
Egipto,2016,622.71
El Salvador,2016,281340.86
Emiratos Arabes Unidos,2016,2390.84
Eslovaquia,2016,285.28
Eslovenia,2016,5783.25
España,2016,151678.49
Estados Unidos,2016,4177540.01
Estonia,2016,67.18
Etiopía,2016,3.3
Filipinas,2016,5145.92
Finlandia,2016,38098.22
Fiyi,2016,118.93
Francia,2016,70431.24
Gabón,2016,131.45
Georgia,2016,71.37
Ghana,2016,922.31
Granada,2016,1105.23
Grecia,2016,11751.9
Guadalupe,2016,2486.25
Guam,2016,27.67
Guatemala,2016,535204.3
Guayana Francesa,2016,261.2
Guinea,2016,1.85
Guyana,2016,12310.62
Haití,2016,16742.54
Holanda,2016,553227.52
Honduras,2016,347222.71
Hong Kong,2016,75946.27
Hungría,2016,246.89
India,2016,19925.87
Indonesia,2016,5052.35
Irak,2016,4466.22
Irlanda,2016,84641.06
Irán,2016,75.35
Islas Caimán,2016,562.84
Islas Heard y McDonald,2016,5.99
Islas Turcas y Caicos,2016,13.0
Islas Vírgenes,2016,542.85
Islas Vírgenes Británicas,2016,2.43
Islas de Ultramar Menores de Estados Unidos,2016,9.22
Israel,2016,16454.65
Italia,2016,205719.04
Jamaica,2016,52829.98
Japón,2016,111158.73
Jordania,2016,349.17
Kenia,2016,30.0
Kirguistan,2016,15.41
Kuwait,2016,626.11
Laos,2016,91.91
Letonia,2016,522.73
Libia,2016,284.09
Lituania,2016,12215.78
Luxemburgo,2016,3.74
Líbano,2016,1924.89
Macao,2016,11.66
Madagascar,2016,2.58
Malasia,2016,4154.66
Malta,2016,285.85
Marruecos,2016,2621.37
Martinica,2016,3778.65
Mauricio,2016,0.48
Mauritania,2016,7.52
Montenegro,2016,1798.59
Mozambique,2016,7.95
Myanmar,2016,127.5
México,2016,265964.04
ND,2016,84.48
Nicaragua,2016,546130.43
Nigeria,2016,384.48
Noruega,2016,20478.43
Nueva Caledonia,2016,224.49
Nueva Zelanda,2016,18896.5
Omán,2016,77.16
Pakistán,2016,305.91
Panamá,2016,577700.92
Paraguay,2016,1694.46
Perú,2016,19820.03
Polinesia Francesa,2016,10.39
Polonia,2016,6276.06
Portugal,2016,24422.89
Puerto Rico,2016,114501.32
Reino Unido-UE,2016,190057.76
República Checa,2016,30.64
República Dominicana,2016,259000.91
Rumania,2016,559.85
Rusia,2016,23600.36
San Cristóbal y Nieves,2016,226.13
San Martín,2016,11.52
San Vicente y las Granadinas,2016,1179.68
Santa Helena,2016,2.65
Santa Lucía,2016,2178.79
Serbia,2016,0.27
Sierra Leona,2016,2.14
Singapur,2016,19229.36
Siria,2016,23.84
Sri Lanka,2016,267.8
Sudáfrica,2016,2650.56
Suecia,2016,21755.96
Suiza,2016,4997.81
Surinam,2016,8196.13
Tailandia,2016,2701.96
Taiwán,2016,18198.46
Tanzania,2016,374.97
Tayikistán,2016,15.41
Togo,2016,38.39
Trinidad y Tobago,2016,57480.43
Turquía,2016,53393.68
Túnez,2016,785.4
Ucrania,2016,6214.28
Uganda,2016,63.93
Uruguay,2016,1320.77
Venezuela,2016,33367.89
Vietnam,2016,6916.29
Zambia,2016,45.13
Albania,2017,112.8
Alemania,2017,127155.65
Angola,2017,34.2
Anguila,2017,7.2
Antigua y Barbuda,2017,271.87
Antillas Holandesas,2017,892.32
Arabia Saudita,2017,3289.46
Argelia,2017,610.72
Argentina,2017,20679.36
Aruba,2017,20412.24
Australia,2017,32551.54
Austria,2017,226.28
Bahamas,2017,9373.28
Bangladés,2017,531.3
Barbados,2017,8909.48
Baréin,2017,19.56
Belice,2017,9632.74
Bermudas,2017,458.94
Bolivia,2017,1187.07
Bosnia y Herzegovina,2017,16.14
Botsuana,2017,58.41
Brasil,2017,56072.81
Bulgaria,2017,292.56
Burkina Faso,2017,291.05
Bélgica,2017,665505.41
Camerún,2017,266.93
Canadá,2017,78795.62
Catar,2017,1173.3
Chile,2017,43818.05
China,2017,174013.71
Chipre,2017,91.36
Colombia,2017,57350.91
Congo,2017,122.0
Corea del Norte,2017,92.05
Corea del Sur,2017,48041.85
Costa de Marfil,2017,37.0
Croacia,2017,871.96
Cuba,2017,31792.66
Curacao,2017,2068.67
Dinamarca,2017,4052.17
Dominica,2017,1049.84
Ecuador,2017,36333.92
Egipto,2017,583.6
El Salvador,2017,296417.8
Emiratos Arabes Unidos,2017,3640.06
Eslovaquia,2017,308.91
Eslovenia,2017,7026.77
España,2017,156845.29
Estados Unidos,2017,4428277.4
Estonia,2017,51.55
Filipinas,2017,12975.04
Finlandia,2017,38128.12
Fiyi,2017,10.83
Francia,2017,60145.55
Gabón,2017,335.0
Gambia,2017,0.01
Georgia,2017,298.42
Ghana,2017,334.45
Granada,2017,1655.76
Grecia,2017,13234.78
Guadalupe,2017,2999.26
Guam,2017,24.79
Guatemala,2017,541250.57
Guayana Francesa,2017,358.06
Guyana,2017,11628.09
Haití,2017,19261.74
Holanda,2017,587430.55
Honduras,2017,377306.63
Hong Kong,2017,70174.45
Hungría,2017,239.65
India,2017,39927.7
Indonesia,2017,12234.07
Irak,2017,9703.16
Irlanda,2017,75708.25
Irán,2017,686.71
Islas Caimán,2017,139.92
Islas Heard y McDonald,2017,8.42
Islas Marshall,2017,21.0
Islas Salomón,2017,13.1
Islas Vírgenes,2017,604.5
Islas Vírgenes Británicas,2017,8.07
Israel,2017,9338.45
Italia,2017,155064.77
Jamaica,2017,80813.29
Japón,2017,169092.71
Jordania,2017,117.78
Kazajistán,2017,3.76
Kenia,2017,15.62
Kuwait,2017,48.18
Letonia,2017,837.4
Liberia,2017,1.43
Libia,2017,1381.3
Lituania,2017,5982.71
Luxemburgo,2017,0.54
Líbano,2017,629.99
Macao,2017,9.74
Malasia,2017,5476.68
Malta,2017,474.28
Malí,2017,6.48
Marruecos,2017,1322.9
Martinica,2017,2999.18
Moldavia,2017,0.18
Montenegro,2017,2804.67
Mozambique,2017,4.42
México,2017,290586.34
ND,2017,116.32
Nauru,2017,29.45
Nicaragua,2017,570783.09
Nigeria,2017,251.0
Noruega,2017,21313.17
Nueva Caledonia,2017,77.53
Nueva Zelanda,2017,17533.74
Omán,2017,28.5
Pakistán,2017,734.41
Panamá,2017,597441.9
Paraguay,2017,1276.37
Perú,2017,21842.11
Pitcairn,2017,15.58
Polonia,2017,7409.67
Portugal,2017,43454.63
Puerto Rico,2017,130385.77
Reino Unido-UE,2017,215565.33
República Checa,2017,132.32
República Democrática del Congo,2017,1.38
República Dominicana,2017,234365.9
Rumania,2017,1991.44
Rusia,2017,28256.67
San Cristóbal y Nieves,2017,301.47
San Martín,2017,143.8
San Vicente y las Granadinas,2017,1004.36
Santa Lucía,2017,2602.66
Santo Tomé y Príncipe,2017,2.42
Senegal,2017,3.25
Serbia,2017,0.01
Seychelles,2017,140.4
Sierra Leona,2017,13.39
Singapur,2017,8483.29
Siria,2017,24.8
Sri Lanka,2017,74.4
Sudáfrica,2017,2649.95
Suecia,2017,23838.46
Suiza,2017,4091.16
Surinam,2017,7244.04
Tailandia,2017,7446.02
Taiwán,2017,16908.27
Tanzania,2017,6.21
Trinidad y Tobago,2017,59868.92
Turquía,2017,39640.43
Túnez,2017,1161.24
Ucrania,2017,20801.49
Uganda,2017,30.54
Uruguay,2017,1362.53
Vanuatu,2017,2.05
Venezuela,2017,11865.41
Vietnam,2017,21391.19
Zambia,2017,60.39
Albania,2018,240.31
Alemania,2018,128442.07
Angola,2018,401.6
Anguila,2018,7.42
Antigua y Barbuda,2018,519.33
Antillas Holandesas,2018,1630.82
Arabia Saudita,2018,4133.97
Argentina,2018,11071.14
Armenia,2018,6.84
Aruba,2018,19909.27
Australia,2018,26904.01
Austria,2018,223.49
Bahamas,2018,10782.8
Bangladés,2018,173.79
Barbados,2018,8347.53
Baréin,2018,9.54
Belice,2018,9928.16
Bermudas,2018,453.91
Bielorrusia,2018,2.33
Bolivia,2018,935.45
"Bonaire, San Eustaquio y Saba",2018,2.19
Bosnia y Herzegovina,2018,8.4
Brasil,2018,62633.16
Bulgaria,2018,24.16
Burkina Faso,2018,439.96
Bélgica,2018,662150.28
Camerún,2018,129.38
Canadá,2018,83404.92
Catar,2018,231.18
Chile,2018,34317.24
China,2018,239239.29
Chipre,2018,47.82
Colombia,2018,56600.6
Congo,2018,9.93
Corea del Norte,2018,0.44
Corea del Sur,2018,39955.89
Costa de Marfil,2018,113.34
Croacia,2018,5201.71
Cuba,2018,31812.41
Curacao,2018,2930.21
Dinamarca,2018,8343.49
Dominica,2018,663.71
Ecuador,2018,39416.18
Egipto,2018,39.14
El Salvador,2018,307809.18
Emiratos Arabes Unidos,2018,2797.26
Eslovaquia,2018,420.46
Eslovenia,2018,12788.76
España,2018,172535.73
Estados Unidos,2018,4642696.9
Estonia,2018,45.27
Filipinas,2018,11431.05
Finlandia,2018,34407.9
Fiyi,2018,10.41
Francia,2018,56961.07
Gabón,2018,1.48
Gambia,2018,0.3
Georgia,2018,204.46
Ghana,2018,40.69
Granada,2018,1988.23
Grecia,2018,20508.15
Guadalupe,2018,3748.09
Guam,2018,19.99
Guatemala,2018,581652.86
Guayana Francesa,2018,353.28
Guinea-Bisáu,2018,4.62
Guyana,2018,9596.58
Haití,2018,28883.49
Holanda,2018,669467.87
Honduras,2018,405294.02
Hong Kong,2018,100213.73
Hungría,2018,280.72
India,2018,36177.58
Indonesia,2018,524.56
Irak,2018,585.35
Irlanda,2018,88689.73
Irán,2018,188.78
Islas Caimán,2018,400.03
Islas Marshall,2018,12.7
Islas Salomón,2018,10.2
Islas Vírgenes,2018,714.37
Islas Vírgenes Británicas,2018,30.79
Israel,2018,8278.12
Italia,2018,174963.6
Jamaica,2018,60228.63
Japón,2018,239529.63
Jordania,2018,115.85
Kazajistán,2018,12.9
Kenia,2018,418.67
Kuwait,2018,10.21
Laos,2018,312.68
Letonia,2018,466.1
Libia,2018,1763.23
Lituania,2018,5991.24
Luxemburgo,2018,3155.53
Líbano,2018,1211.47
Madagascar,2018,1.64
Malasia,2018,12906.45
Malta,2018,441.18
Malí,2018,27.6
Marruecos,2018,2530.5
Martinica,2018,3293.85
Mauricio,2018,42.25
Micronesia,2018,1.12
Montenegro,2018,1970.07
México,2018,293570.98
ND,2018,98.6
Nicaragua,2018,508019.36
Nigeria,2018,149.41
Noruega,2018,19762.78
Nueva Caledonia,2018,35.39
Nueva Zelanda,2018,2879.95
Omán,2018,224.34
Pakistán,2018,1111.08
Panamá,2018,604438.51
Papúa Nueva Guinea,2018,15.49
Paraguay,2018,429.99
Perú,2018,20924.13
Pitcairn,2018,5.8
Polinesia Francesa,2018,2.14
Polonia,2018,7233.91
Portugal,2018,51690.14
Puerto Rico,2018,184130.1
Reino Unido-UE,2018,212438.74
República Checa,2018,56.66
República Democrática del Congo,2018,6.59
República Dominicana,2018,240776.38
Rumania,2018,743.13
Rusia,2018,31369.76
San Cristóbal y Nieves,2018,232.26
San Marino,2018,10.6
San Martín,2018,410.63
San Vicente y las Granadinas,2018,191.11
Santa Lucía,2018,2083.49
Serbia,2018,151.7
Sierra Leona,2018,13.02
Singapur,2018,22951.0
Siria,2018,12.4
Sri Lanka,2018,0.24
Suazilandia,2018,297.9
Sudáfrica,2018,2390.84
Suecia,2018,35795.64
Suiza,2018,3781.63
Surinam,2018,7706.02
Tailandia,2018,19155.09
Taiwán,2018,33033.27
Tanzania,2018,31.02
Togo,2018,10.54
Trinidad y Tobago,2018,53094.75
Turquía,2018,23964.64
Túnez,2018,1704.01
Ucrania,2018,24311.79
Uganda,2018,6.43
Uruguay,2018,1694.96
Vanuatu,2018,1.91
Venezuela,2018,4709.22
Vietnam,2018,15942.06
Zambia,2018,109.95
Albania,2019,1074.41
Alemania,2019,168140.49
Angola,2019,76.29
Anguila,2019,3.6
Antigua y Barbuda,2019,634.43
Antillas Holandesas,2019,2011.99
Arabia Saudita,2019,9329.33
Argelia,2019,54.54
Argentina,2019,13110.05
Armenia,2019,17.4
Aruba,2019,21692.23
Australia,2019,27432.35
Austria,2019,418.47
Bahamas,2019,13772.22
Bangladés,2019,553.26
Barbados,2019,9616.14
Baréin,2019,39.31
Belice,2019,8386.08
Benín,2019,5.4
Bermudas,2019,1211.11
Bielorrusia,2019,9.15
Bolivia,2019,967.57
Bosnia y Herzegovina,2019,18.02
Brasil,2019,21203.12
Bulgaria,2019,20.57
Burkina Faso,2019,289.71
Burundi,2019,1.1
Bélgica,2019,705453.15
Camboya,2019,7.89
Camerún,2019,116.37
Canadá,2019,108042.28
Catar,2019,227.18
Chile,2019,29924.37
China,2019,185792.9
Chipre,2019,34.17
Colombia,2019,61978.75
Congo,2019,10.44
Corea del Sur,2019,34807.2
Costa de Marfil,2019,355.67
Croacia,2019,1146.26
Cuba,2019,34597.02
Curacao,2019,2212.63
Dinamarca,2019,7093.3
Dominica,2019,850.46
Ecuador,2019,37688.13
Egipto,2019,18.06
El Salvador,2019,322854.58
Emiratos Arabes Unidos,2019,1733.41
Eslovaquia,2019,183.92
Eslovenia,2019,7517.15
España,2019,172457.89
Estados Unidos,2019,5047952.73
Estonia,2019,116.12
Etiopía,2019,28.51
Filipinas,2019,9548.92
Finlandia,2019,16792.18
Fiyi,2019,27.3
Francia,2019,42392.11
Gabón,2019,2.95
Georgia,2019,168.3
Ghana,2019,103.96
Granada,2019,2344.53
Grecia,2019,11726.45
Guadalupe,2019,2956.96
Guam,2019,28.33
Guatemala,2019,615445.2
Guayana Francesa,2019,349.59
Guyana,2019,11936.44
Haití,2019,16928.28
Holanda,2019,711615.24
Honduras,2019,405747.05
Hong Kong,2019,103980.67
Hungría,2019,4120.69
India,2019,33606.36
Indonesia,2019,566.14
Irak,2019,2875.97
Irlanda,2019,79799.17
Irán,2019,82.65
Islas Caimán,2019,592.92
Islas Vírgenes,2019,1518.43
Islas Vírgenes Británicas,2019,125.89
Israel,2019,10736.53
Italia,2019,161380.22
Jamaica,2019,66083.92
Japón,2019,243271.87
Jordania,2019,107.74
Kazajistán,2019,8.77
Kenia,2019,378.58
Kuwait,2019,17.73
Letonia,2019,527.27
Liberia,2019,2.17
Libia,2019,2480.12
Lituania,2019,2097.41
Luxemburgo,2019,14.96
Líbano,2019,1040.48
Malasia,2019,13157.93
Malaui,2019,8.65
Malta,2019,435.08
Marruecos,2019,3067.81
Martinica,2019,3263.8
Montenegro,2019,2406.03
Mozambique,2019,79.45
Myanmar,2019,46.72
México,2019,237511.91
ND,2019,145.28
Nicaragua,2019,479302.73
Nigeria,2019,482.44
Noruega,2019,21256.21
Nueva Caledonia,2019,61.51
Nueva Zelanda,2019,3169.29
Omán,2019,56.01
Pakistán,2019,205.61
Palestina,2019,0.13
Panamá,2019,616106.3
Papúa Nueva Guinea,2019,122.18
Paraguay,2019,701.82
Perú,2019,16960.14
Polinesia Francesa,2019,210.32
Polonia,2019,8780.72
Portugal,2019,50863.77
Puerto Rico,2019,123740.52
Reino Unido-UE,2019,242740.94
República Checa,2019,1394.68
República Dominicana,2019,233550.49
Ruanda,2019,1.1
Rumania,2019,649.41
Rusia,2019,26786.02
Samoa,2019,6.85
Samoa Americana,2019,0.28
San Cristóbal y Nieves,2019,205.43
San Martín,2019,265.79
San Vicente y las Granadinas,2019,328.82
Santa Lucía,2019,2230.55
Senegal,2019,308.01
Serbia,2019,191.04
Sierra Leona,2019,28.64
Singapur,2019,53333.86
Sri Lanka,2019,19.24
Sudáfrica,2019,4535.5
Suecia,2019,16628.72
Suiza,2019,6882.18
Surinam,2019,7497.52
Tailandia,2019,15575.84
Taiwán,2019,29575.08
Tanzania,2019,36.74
Togo,2019,11.6
Trinidad y Tobago,2019,58073.37
Turquía,2019,37056.78
Túnez,2019,4029.93
Ucrania,2019,25651.66
Uganda,2019,32.75
Uruguay,2019,1796.47
Uzbekistán,2019,5.0
Venezuela,2019,7759.41
Vietnam,2019,11244.82
Zambia,2019,111.75
Afganistán,2020,25.92
Albania,2020,641.24
Alemania,2020,119375.51
Anguila,2020,2.28
Antigua y Barbuda,2020,357.57
Antillas Holandesas,2020,1018.14
Arabia Saudita,2020,24585.96
Argelia,2020,183.63
Argentina,2020,15479.46
Aruba,2020,23074.86
Australia,2020,15673.44
Austria,2020,64.12
Bahamas,2020,12085.75
Bangladés,2020,286.78
Barbados,2020,8450.8
Baréin,2020,12.93
Belice,2020,9361.62
Bermudas,2020,1284.32
Bielorrusia,2020,0.74
Bolivia,2020,779.15
Botsuana,2020,1.03
Brasil,2020,15979.6
Bulgaria,2020,52.31
Burkina Faso,2020,475.15
Bélgica,2020,617227.85
Camerún,2020,113.67
Canadá,2020,79998.3
Catar,2020,255.87
Chile,2020,31039.79
China,2020,266201.09
Chipre,2020,81.09
Colombia,2020,56613.6
Congo,2020,24.0
Corea del Sur,2020,84324.37
Costa de Marfil,2020,737.6
Croacia,2020,889.86
Cuba,2020,29214.78
Curacao,2020,3235.69
Dinamarca,2020,2036.02
Dominica,2020,423.19
Ecuador,2020,38755.59
Egipto,2020,88.66
El Salvador,2020,325907.21
Emiratos Arabes Unidos,2020,1908.96
Eslovaquia,2020,38.23
Eslovenia,2020,16482.17
España,2020,177364.77
Estados Unidos,2020,5297579.14
Estonia,2020,77.54
Etiopía,2020,68.39
Filipinas,2020,8987.45
Finlandia,2020,18763.83
Fiyi,2020,18.76
Francia,2020,46264.54
Gambia,2020,9.0
Georgia,2020,68.02
Ghana,2020,14.92
Granada,2020,1064.34
Grecia,2020,7180.47
Guadalupe,2020,2961.42
Guam,2020,32.18
Guatemala,2020,611959.56
Guayana Francesa,2020,484.16
Guyana,2020,13952.82
Haití,2020,19997.52
Holanda,2020,912949.24
Honduras,2020,384143.79
Hong Kong,2020,45014.79
Hungría,2020,11910.51
India,2020,24865.01
Indonesia,2020,808.23
Irak,2020,2323.46
Irlanda,2020,69556.54
Irán,2020,128.2
Isla Bouvet,2020,40.57
Islas Caimán,2020,487.26
Islas Marianas del Norte,2020,4.79
Islas Turcas y Caicos,2020,25.54
Islas Vírgenes,2020,585.48
Islas Vírgenes Británicas,2020,67.72
Israel,2020,9426.02
Italia,2020,153107.26
Jamaica,2020,55690.08
Japón,2020,257857.15
Jordania,2020,623.67
Kazajistán,2020,10.92
Kenia,2020,86.43
Kuwait,2020,258.13
Laos,2020,3.2
Letonia,2020,658.44
Libia,2020,6417.54
Lituania,2020,3322.4
Luxemburgo,2020,3.8
Líbano,2020,684.4
Malasia,2020,27012.5
Malta,2020,394.78
Marruecos,2020,5930.33
Martinica,2020,3928.0
Mauricio,2020,64.68
Mauritania,2020,5.0
Montenegro,2020,2852.89
Mozambique,2020,14.64
México,2020,268064.27
Mónaco,2020,8.23
ND,2020,602.1
Nicaragua,2020,485365.87
Nigeria,2020,313.72
Noruega,2020,22781.07
Nueva Caledonia,2020,5.56
Nueva Zelanda,2020,1334.65
Omán,2020,74.25
Pakistán,2020,1284.74
Panamá,2020,501889.59
Papúa Nueva Guinea,2020,9.97
Paraguay,2020,1026.18
Perú,2020,49836.29
Polinesia Francesa,2020,36.93
Polonia,2020,17159.78
Portugal,2020,53710.7
Puerto Rico,2020,133139.02
Reino Unido-No UE,2020,241660.01
República Checa,2020,593.41
República Dominicana,2020,233152.16
Rumania,2020,7465.34
Rusia,2020,34142.93
San Cristóbal y Nieves,2020,131.23
San Martín,2020,353.63
San Vicente y las Granadinas,2020,789.54
Santa Lucía,2020,1529.65
Serbia,2020,290.25
Sierra Leona,2020,552.28
Singapur,2020,54488.39
Sri Lanka,2020,0.61
Sudáfrica,2020,4128.5
Suecia,2020,12754.32
Suiza,2020,5156.88
Surinam,2020,8552.82
Tailandia,2020,13910.33
Taiwán,2020,27521.31
Tanzania,2020,27.45
Trinidad y Tobago,2020,50880.25
Turquía,2020,36006.78
Túnez,2020,5556.04
Ucrania,2020,24161.77
Uganda,2020,1.16
Uruguay,2020,1677.37
Uzbekistán,2020,61.88
Vanuatu,2020,5.75
Venezuela,2020,4184.35
Vietnam,2020,11366.63
Yemen,2020,1.03
Albania,2021,2515.8
Alemania,2021,147076.96
Andorra,2021,11.02
Anguila,2021,2.24
Antigua y Barbuda,2021,532.15
Antillas Holandesas,2021,1023.57
Arabia Saudita,2021,29082.89
Argelia,2021,65.24
Argentina,2021,13789.84
Aruba,2021,21613.58
Australia,2021,19293.56
Austria,2021,207.63
Bahamas,2021,12955.14
Bangladés,2021,658.88
Barbados,2021,10170.88
Baréin,2021,1545.14
Belice,2021,11139.17
Bermudas,2021,274.49
Bolivia,2021,880.54
Bosnia y Herzegovina,2021,0.04
Brasil,2021,45232.87
Bulgaria,2021,182.14
Burkina Faso,2021,533.63
Bélgica,2021,750806.39
Camboya,2021,1.0
Camerún,2021,292.59
Canadá,2021,102292.22
Catar,2021,1197.61
Chile,2021,48179.64
China,2021,461954.91
Chipre,2021,30.55
Colombia,2021,91791.69
Comoras,2021,22.45
Corea del Norte,2021,55.45
Corea del Sur,2021,96582.83
Costa de Marfil,2021,212.11
Croacia,2021,1048.15
Cuba,2021,30794.83
Curacao,2021,5008.88
Dinamarca,2021,4943.5
Dominica,2021,842.75
Ecuador,2021,51132.75
Egipto,2021,1342.17
El Salvador,2021,404146.22
Emiratos Arabes Unidos,2021,4866.76
Eslovaquia,2021,69.09
Eslovenia,2021,591.88
España,2021,209592.95
Estados Unidos,2021,6620706.43
Estonia,2021,92.74
Etiopía,2021,51.43
Filipinas,2021,7534.41
Finlandia,2021,24049.86
Fiyi,2021,19.86
Francia,2021,77648.59
Gabón,2021,198.88
Georgia,2021,49.07
Ghana,2021,56.55
Granada,2021,2441.92
Grecia,2021,8968.22
Groenlandia,2021,235.94
Guadalupe,2021,2798.65
Guam,2021,5.52
Guatemala,2021,744732.5
Guayana Francesa,2021,429.48
Guyana,2021,15347.22
Haití,2021,24783.6
Holanda,2021,1094332.21
Honduras,2021,519444.96
Hong Kong,2021,86461.3
Hungría,2021,15268.89
India,2021,41358.83
Indonesia,2021,2072.47
Irak,2021,586.33
Irlanda,2021,88407.11
Irán,2021,14.81
Islandia,2021,0.6
Islas Caimán,2021,903.12
Islas Marianas del Norte,2021,8.3
Islas Turcas y Caicos,2021,71.78
Islas Vírgenes,2021,791.75
Islas Vírgenes Británicas,2021,50.72
Islas de Ultramar Menores de Estados Unidos,2021,0.13
Israel,2021,13469.98
Italia,2021,175601.9
Jamaica,2021,63754.31
Japón,2021,262177.01
Jordania,2021,180.29
Kenia,2021,314.55
Kuwait,2021,770.23
Letonia,2021,492.99
Libia,2021,10735.59
Liechtenstein,2021,1.25
Lituania,2021,1375.63
Luxemburgo,2021,10276.52
Líbano,2021,1017.13
Madagascar,2021,26.61
Malasia,2021,55349.0
Malta,2021,1049.48
Malí,2021,268.28
Marruecos,2021,4231.04
Martinica,2021,3563.85
Mongolia,2021,28.16
Montenegro,2021,2602.94
México,2021,371223.84
Mónaco,2021,41.64
ND,2021,66.91
Nauru,2021,246.76
Nicaragua,2021,619973.37
Nigeria,2021,9023.08
Noruega,2021,22441.39
Nueva Caledonia,2021,14.53
Nueva Zelanda,2021,8221.69
Níger,2021,3081.64
Omán,2021,810.54
Pakistán,2021,1821.03
Panamá,2021,622268.21
Papúa Nueva Guinea,2021,9.43
Paraguay,2021,1510.7
Perú,2021,90795.47
Polinesia Francesa,2021,4.4
Polonia,2021,17048.84
Portugal,2021,55497.34
Puerto Rico,2021,185822.59
Reino Unido-No UE,2021,233855.06
República Checa,2021,3869.05
República Dominicana,2021,322522.78
Rumania,2021,11590.99
Rusia,2021,36078.47
San Cristóbal y Nieves,2021,202.88
San Martín,2021,336.76
San Vicente y las Granadinas,2021,777.0
Santa Lucía,2021,1607.86
Senegal,2021,405.4
Serbia,2021,584.15
Sierra Leona,2021,865.73
Singapur,2021,43503.49
Sri Lanka,2021,8.25
Sudáfrica,2021,4558.3
Suecia,2021,6999.24
Suiza,2021,6126.41
Surinam,2021,4515.76
Tailandia,2021,35278.61
Taiwán,2021,60725.02
Tanzania,2021,41.14
Togo,2021,1.77
Trinidad y Tobago,2021,61599.17
Turquía,2021,47271.79
Túnez,2021,5107.02
Ucrania,2021,18548.23
Uganda,2021,33.98
Uruguay,2021,3328.15
Uzbekistán,2021,20.25
Vanuatu,2021,2.96
Venezuela,2021,9246.41
Vietnam,2021,19590.37
Yibuti,2021,62.26
Zimbabue,2021,0.03
Albania,2022,1316.25
Alemania,2022,134885.97
Angola,2022,80.35
Anguila,2022,7.81
Antigua y Barbuda,2022,816.09
Antillas Holandesas,2022,1857.88
Arabia Saudita,2022,36884.57
Argelia,2022,22.22
Argentina,2022,14103.52
Armenia,2022,1.75
Aruba,2022,16742.47
Australia,2022,21601.33
Austria,2022,410.29
Bahamas,2022,15600.3
Bangladés,2022,1380.91
Barbados,2022,12980.31
Baréin,2022,6.9
Belice,2022,18394.88
Bermudas,2022,564.0
Bolivia,2022,1123.68
Brasil,2022,62902.36
Bulgaria,2022,149.72
Burkina Faso,2022,15.21
Bélgica,2022,818585.73
Cabo Verde,2022,1.9
Camboya,2022,4.62
Camerún,2022,1233.67
Canadá,2022,97174.09
Catar,2022,113.24
Chile,2022,41755.96
China,2022,475836.19
Chipre,2022,145.06
Colombia,2022,95160.24
Comoras,2022,26.72
Corea del Norte,2022,12.89
Corea del Sur,2022,90296.68
Costa de Marfil,2022,566.37
Croacia,2022,835.57
Cuba,2022,29096.33
Curacao,2022,4603.26
Dinamarca,2022,1820.29
Dominica,2022,605.36
Ecuador,2022,71352.6
Egipto,2022,1244.98
El Salvador,2022,421562.7
Emiratos Arabes Unidos,2022,3361.88
Eslovaquia,2022,264.79
Eslovenia,2022,97.17
España,2022,208526.93
Estados Unidos,2022,7376645.69
Estonia,2022,105.14
Etiopía,2022,60.7
Filipinas,2022,8368.19
Finlandia,2022,21710.5
Fiyi,2022,37.53
Francia,2022,87075.45
Gabón,2022,0.02
Gambia,2022,0.14
Georgia,2022,955.63
Ghana,2022,25.44
Granada,2022,2185.06
Grecia,2022,15630.66
Guadalupe,2022,3615.39
Guam,2022,47.77
Guatemala,2022,857381.98
Guayana Francesa,2022,657.7
Guinea,2022,8.87
Guyana,2022,18196.82
Haití,2022,19021.53
Holanda,2022,1304317.7
Honduras,2022,554047.77
Hong Kong,2022,66616.39
Hungría,2022,41270.41
India,2022,38712.92
Indonesia,2022,1436.55
Irak,2022,6998.04
Irlanda,2022,92598.78
Irán,2022,10.35
Islas Caimán,2022,1587.41
Islas Cook,2022,5.88
Islas Marianas del Norte,2022,14.55
Islas Turcas y Caicos,2022,58.39
Islas Vírgenes,2022,807.22
Islas Vírgenes Británicas,2022,106.68
Israel,2022,15439.67
Italia,2022,157164.51
Jamaica,2022,83171.72
Japón,2022,271057.27
Jordania,2022,1286.44
Kazajistán,2022,5.25
Kenia,2022,1118.81
Kuwait,2022,345.58
Laos,2022,13.85
Letonia,2022,696.9
Liberia,2022,1.61
Libia,2022,8601.41
Lituania,2022,1661.3
Luxemburgo,2022,22.81
Líbano,2022,1818.77
Malasia,2022,41119.71
Malta,2022,3104.12
Malí,2022,206.48
Marruecos,2022,6237.58
Martinica,2022,4717.48
Mauritania,2022,2.63
Moldavia,2022,0.15
Mongolia,2022,47.92
Montenegro,2022,9273.64
México,2022,397376.13
Mónaco,2022,8.94
ND,2022,100.8
Nauru,2022,3.0
Nicaragua,2022,624164.88
Nigeria,2022,6285.57
Noruega,2022,22079.96
Nueva Caledonia,2022,163.38
Nueva Zelanda,2022,2617.21
Níger,2022,3181.22
Omán,2022,1.62
Pakistán,2022,3623.19
Panamá,2022,635517.01
Papúa Nueva Guinea,2022,120.67
Paraguay,2022,605.7
Perú,2022,94844.78
Pitcairn,2022,45.84
Polinesia Francesa,2022,122.71
Polonia,2022,9326.14
Portugal,2022,49218.75
Puerto Rico,2022,194169.57
Reino Unido-No UE,2022,230499.26
República Checa,2022,7052.8
República Dominicana,2022,353755.24
Rumania,2022,14968.93
Rusia,2022,23916.62
Samoa,2022,26.0
San Cristóbal y Nieves,2022,311.45
San Martín,2022,315.58
San Vicente y las Granadinas,2022,546.22
Santa Helena,2022,9.74
Santa Lucía,2022,2709.27
Senegal,2022,655.87
Serbia,2022,700.69
Sierra Leona,2022,1459.11
Singapur,2022,60083.49
Somalia,2022,3.76
Sri Lanka,2022,14.02
Sudáfrica,2022,5828.81
Sudán,2022,18.43
Suecia,2022,9301.57
Suiza,2022,6689.75
Surinam,2022,5059.37
Tailandia,2022,27767.43
Taiwán,2022,65454.94
Tanzania,2022,2.34
Trinidad y Tobago,2022,61015.81
Turkmenistán,2022,2.46
Turquía,2022,43153.68
Túnez,2022,3451.17
Ucrania,2022,2321.06
Uganda,2022,277.31
Uruguay,2022,4104.05
Venezuela,2022,12860.38
Vietnam,2022,20040.03
Yugoslavia,2022,9.86
Zambia,2022,16.59
Afganistán,2023,1.2
Albania,2023,2536.23
Alemania,2023,142842.38
Angola,2023,1.92
Anguila,2023,6.69
Antigua y Barbuda,2023,931.68
Antillas Holandesas,2023,1749.59
Arabia Saudita,2023,38187.83
Argelia,2023,211.97
Argentina,2023,11844.02
Armenia,2023,218.65
Aruba,2023,22022.13
Australia,2023,24806.57
Austria,2023,430.82
Bahamas,2023,14851.54
Bangladés,2023,1199.73
Barbados,2023,15681.27
Baréin,2023,14.64
Belice,2023,92664.31
Bermudas,2023,518.16
Bolivia,2023,424.36
Botsuana,2023,90.27
Brasil,2023,44013.09
Bulgaria,2023,87.11
Bélgica,2023,848243.33
Cabo Verde,2023,6.0
Camboya,2023,20.38
Camerún,2023,576.39
Canadá,2023,103476.65
Catar,2023,436.76
Chile,2023,39226.34
China,2023,541881.71
Chipre,2023,143.37
Colombia,2023,77259.78
Congo,2023,95.0
Corea del Norte,2023,1.62
Corea del Sur,2023,71803.82
Costa de Marfil,2023,243.93
Croacia,2023,3527.65
Cuba,2023,34528.01
Curacao,2023,4719.11
Dinamarca,2023,984.1
Dominica,2023,486.61
Ecuador,2023,78435.62
Egipto,2023,925.79
El Salvador,2023,502264.46
Emiratos Arabes Unidos,2023,5907.63
Eslovaquia,2023,802.32
Eslovenia,2023,5073.05
España,2023,305269.22
Estados Unidos,2023,8663121.08
Estonia,2023,368.12
Etiopía,2023,1.43
Filipinas,2023,11760.05
Finlandia,2023,18386.7
Fiyi,2023,35.71
Francia,2023,91558.57
Georgia,2023,151.55
Ghana,2023,0.04
Granada,2023,1616.89
Grecia,2023,16084.18
Guadalupe,2023,5138.48
Guam,2023,8.38
Guatemala,2023,941953.36
Guayana Francesa,2023,836.45
Guyana,2023,20307.98
Haití,2023,19389.99
Holanda,2023,1559072.64
Honduras,2023,647179.27
Hong Kong,2023,111377.28
Hungría,2023,42444.71
India,2023,61836.66
Indonesia,2023,2583.99
Irak,2023,21612.07
Irlanda,2023,91229.97
Irán,2023,71.49
Islas Caimán,2023,999.51
Islas Marianas del Norte,2023,2.75
Islas Salomón,2023,7.48
Islas Vírgenes,2023,697.64
Islas Vírgenes Británicas,2023,424.4
Israel,2023,13746.9
Italia,2023,205534.41
Jamaica,2023,85839.89
Japón,2023,357890.13
Jordania,2023,2813.06
Kazajistán,2023,1.53
Kenia,2023,1174.9
Kuwait,2023,48.16
Letonia,2023,1366.8
Liberia,2023,70.29
Libia,2023,9420.8
Liechtenstein,2023,8.86
Lituania,2023,1487.66
Luxemburgo,2023,1.7
Líbano,2023,1807.84
Madagascar,2023,14.1
Malasia,2023,70074.11
Malaui,2023,6.37
Maldivas,2023,0.02
Malta,2023,3815.78
Malí,2023,5.0
Marruecos,2023,7790.7
Martinica,2023,5541.09
Mauricio,2023,59.07
Mongolia,2023,135.53
Montenegro,2023,8365.43
Mozambique,2023,4.91
Myanmar,2023,7.92
México,2023,313585.65
ND,2023,275.88
Nepal,2023,8.63
Nicaragua,2023,735955.94
Nigeria,2023,804.4
Noruega,2023,29177.28
Nueva Caledonia,2023,7.86
Nueva Zelanda,2023,3957.28
Níger,2023,3290.48
Omán,2023,304.57
Pakistán,2023,681.33
Panamá,2023,673321.61
Papúa Nueva Guinea,2023,57.46
Paraguay,2023,2641.78
Perú,2023,124234.0
Pitcairn,2023,3.49
Polinesia Francesa,2023,48.24
Polonia,2023,11296.43
Portugal,2023,48500.99
Puerto Rico,2023,142127.0
Reino Unido-No UE,2023,269613.45
República Centroafricana,2023,4.2
República Checa,2023,2208.18
República Democrática del Congo,2023,75.29
República Dominicana,2023,337316.33
Rumania,2023,2218.66
Rusia,2023,23174.88
San Cristóbal y Nieves,2023,39.81
San Martín,2023,514.66
San Vicente y las Granadinas,2023,1511.91
Santa Lucía,2023,1904.75
Santo Tomé y Príncipe,2023,6.54
Senegal,2023,853.88
Serbia,2023,728.19
Sierra Leona,2023,2734.11
Singapur,2023,107217.64
Siria,2023,1.16
Sri Lanka,2023,68.78
Suazilandia,2023,7.0
Sudáfrica,2023,6036.19
Suecia,2023,14781.11
Suiza,2023,9497.45
Surinam,2023,4652.74
Tailandia,2023,15848.18
Taiwán,2023,51298.99
Tanzania,2023,16.81
Timor-Leste,2023,70.99
Trinidad y Tobago,2023,62869.28
Turquía,2023,45444.75
Túnez,2023,2054.09
Ucrania,2023,172.49
Uganda,2023,5.15
Uruguay,2023,6666.06
Uzbekistán,2023,3.0
Vanuatu,2023,2.51
Venezuela,2023,16851.76
Vietnam,2023,11384.29
Yibuti,2023,7.2
Zambia,2023,2.51
Zimbabue,2023,34.51
Albania,2024,489.65
Alemania,2024,152729.89
Angola,2024,2.92
Anguila,2024,9.17
Antigua y Barbuda,2024,815.02
Antillas Holandesas,2024,893.34
Arabia Saudita,2024,27294.69
Argelia,2024,219.16
Argentina,2024,17018.05
Armenia,2024,62.18
Aruba,2024,23544.79
Australia,2024,25065.98
Austria,2024,172.7
Bahamas,2024,17948.19
Bangladés,2024,3273.53
Barbados,2024,16166.82
Belice,2024,22061.74
Bermudas,2024,1872.99
Bolivia,2024,691.68
Bosnia y Herzegovina,2024,2.95
Brasil,2024,43298.39
Bulgaria,2024,13.66
Burkina Faso,2024,188.26
Bélgica,2024,999489.16
Camboya,2024,0.15
Camerún,2024,842.98
Canadá,2024,114550.16
Catar,2024,180.39
Chile,2024,44442.91
China,2024,634051.12
Chipre,2024,365.61
Colombia,2024,92848.03
Congo,2024,35.0
Corea del Sur,2024,85327.37
Costa de Marfil,2024,222.17
Croacia,2024,2303.45
Cuba,2024,40369.7
Curacao,2024,6282.77
Dinamarca,2024,890.62
Dominica,2024,232.07
Ecuador,2024,88426.47
Egipto,2024,2053.89
El Salvador,2024,542105.49
Emiratos Arabes Unidos,2024,3820.23
Eslovaquia,2024,323.3
Eslovenia,2024,1654.31
España,2024,288317.58
Estados Unidos,2024,10281189.57
Estonia,2024,1398.41
Etiopía,2024,127.39
Filipinas,2024,13645.86
Finlandia,2024,30785.81
Fiyi,2024,35.34
Francia,2024,99142.59
Gabón,2024,137.82
Georgia,2024,72.74
Ghana,2024,56.77
Granada,2024,3239.23
Grecia,2024,19433.19
Guadalupe,2024,4785.59
Guam,2024,13.72
Guatemala,2024,1083679.11
Guayana Francesa,2024,648.2
Guinea,2024,26.5
Guyana,2024,22146.36
Haití,2024,14425.77
Holanda,2024,1878233.61
Honduras,2024,637585.32
Hong Kong,2024,234218.44
Hungría,2024,41010.04
India,2024,73236.36
Indonesia,2024,5682.8
Irak,2024,15967.38
Irlanda,2024,103411.55
Irán,2024,28.61
Islas Caimán,2024,965.56
Islas Cook,2024,344.36
Islas Heard y McDonald,2024,15.52
Islas Marianas del Norte,2024,3.02
Islas Marshall,2024,27.88
Islas Turcas y Caicos,2024,46.58
Islas Vírgenes,2024,878.52
Islas Vírgenes Británicas,2024,83.62
Israel,2024,21728.93
Italia,2024,208695.53
Jamaica,2024,77905.57
Japón,2024,243445.48
Jordania,2024,272.41
Kenia,2024,125.88
Kuwait,2024,123.08
Letonia,2024,2416.59
Libia,2024,12641.11
Lituania,2024,491.81
Luxemburgo,2024,26.78
Líbano,2024,1949.93
Malasia,2024,149560.36
Malaui,2024,134.6
Malta,2024,4538.09
Marruecos,2024,11840.71
Martinica,2024,5786.75
Mauricio,2024,46.22
Micronesia,2024,4.45
Moldavia,2024,0.01
Mongolia,2024,18.46
Montenegro,2024,7477.92
Mozambique,2024,2.09
México,2024,377874.78
ND,2024,61.34
Nepal,2024,8.42
Nicaragua,2024,781874.71
Nigeria,2024,1449.71
Noruega,2024,26523.9
Nueva Caledonia,2024,48.25
Nueva Zelanda,2024,7590.51
Omán,2024,161.09
Pakistán,2024,872.89
Panamá,2024,663702.76
Papúa Nueva Guinea,2024,168.7
Paraguay,2024,5280.73
Perú,2024,131069.15
Pitcairn,2024,7.16
Polinesia Francesa,2024,37.86
Polonia,2024,18771.29
Portugal,2024,55216.84
Puerto Rico,2024,125981.1
Reino Unido-No UE,2024,265570.75
República Checa,2024,4958.37
República Dominicana,2024,330445.38
Reunión,2024,2.83
Rumania,2024,4423.25
Rusia,2024,31033.31
San Cristóbal y Nieves,2024,601.42
San Martín,2024,1278.86
San Vicente y las Granadinas,2024,869.34
Santa Lucía,2024,2982.34
Senegal,2024,631.38
Serbia,2024,739.74
Sierra Leona,2024,2206.29
Singapur,2024,152902.64
Siria,2024,2.26
Sri Lanka,2024,39.06
Suazilandia,2024,7.25
Sudáfrica,2024,7187.95
Sudán,2024,15.64
Suecia,2024,13046.9
Suiza,2024,6962.71
Surinam,2024,9771.9
Tailandia,2024,14491.46
Taiwán,2024,97794.29
Tanzania,2024,72.49
Trinidad y Tobago,2024,67839.12
Turquía,2024,75752.02
Túnez,2024,2405.9
Ucrania,2024,433.34
Uganda,2024,8.15
Uruguay,2024,5436.91
Uzbekistán,2024,0.77
Vanuatu,2024,107.81
Venezuela,2024,20827.78
Vietnam,2024,12957.04
Yibuti,2024,2.27
Zimbabue,2024,4.79
Albania,2025,394.42
Alemania,2025,163152.97
Angola,2025,67.44
Anguila,2025,46.75
Antigua y Barbuda,2025,849.33
Antillas Holandesas,2025,681.44
Arabia Saudita,2025,13998.85
Argelia,2025,43535.48
Argentina,2025,23581.19
Armenia,2025,47.09
Aruba,2025,29711.71
Australia,2025,29811.73
Austria,2025,228.03
Bahamas,2025,18426.11
Bangladés,2025,1406.11
Barbados,2025,12462.71
Belice,2025,51209.5
Benín,2025,38.62
Bermudas,2025,2472.83
Bolivia,2025,632.11
Brasil,2025,38818.91
Bulgaria,2025,93.23
Bélgica,2025,1098531.47
Cabo Verde,2025,1.57
Camboya,2025,29.03
Camerún,2025,314.14
Canadá,2025,140282.83
Catar,2025,98.76
Chile,2025,42443.84
China,2025,674261.58
Chipre,2025,65.65
Colombia,2025,69402.12
Congo,2025,4.5
Corea del Sur,2025,74645.24
Costa de Marfil,2025,124.56
Croacia,2025,905.48
Cuba,2025,48903.18
Curacao,2025,6820.67
Dinamarca,2025,10028.52
Dominica,2025,149.68
Ecuador,2025,67108.08
Egipto,2025,1558.41
El Salvador,2025,580677.03
Emiratos Arabes Unidos,2025,22235.78
Eslovaquia,2025,62.99
Eslovenia,2025,805.9
España,2025,348982.41
Estados Unidos,2025,13138615.32
Estonia,2025,914.56
Etiopía,2025,59.55
Filipinas,2025,11217.32
Finlandia,2025,19897.55
Fiyi,2025,21.11
Francia,2025,110847.37
Georgia,2025,78.84
Ghana,2025,27.22
Granada,2025,3929.7
Grecia,2025,21061.96
Guadalupe,2025,4496.07
Guam,2025,15.88
Guatemala,2025,1104785.77
Guayana Francesa,2025,790.78
Guyana,2025,22123.18
Haití,2025,13715.47
Holanda,2025,2247976.58
Honduras,2025,732081.12
Hong Kong,2025,194761.85
Hungría,2025,44574.86
India,2025,71073.71
Indonesia,2025,4116.57
Irak,2025,971.56
Irlanda,2025,115546.1
Irán,2025,580.91
Islas Caimán,2025,1389.49
Islas Turcas y Caicos,2025,144.61
Islas Vírgenes,2025,959.85
Islas Vírgenes Británicas,2025,120.57
Islas de Ultramar Menores de Estados Unidos,2025,2.55
Israel,2025,29180.47
Italia,2025,209163.62
Jamaica,2025,83530.2
Japón,2025,359254.93
Jordania,2025,32.85
Kazajistán,2025,62.87
Kenia,2025,716.76
Kuwait,2025,61.91
Letonia,2025,3029.94
Liberia,2025,22.74
Libia,2025,10632.45
Lituania,2025,309.7
Luxemburgo,2025,223.53
Líbano,2025,2118.17
Malasia,2025,321056.98
Malaui,2025,103.48
Malta,2025,3659.4
Marruecos,2025,29100.2
Martinica,2025,4830.69
Micronesia,2025,1.1
Mongolia,2025,134.65
Montenegro,2025,5692.78
Mozambique,2025,224.84
Myanmar,2025,27.43
México,2025,329064.89
ND,2025,83.09
Nepal,2025,13.26
Nicaragua,2025,866822.87
Nigeria,2025,2085.24
Noruega,2025,28313.05
Nueva Caledonia,2025,23.38
Nueva Zelanda,2025,6663.83
Níger,2025,43.1
Omán,2025,32.8
Pakistán,2025,148461.09
Panamá,2025,671276.84
Paraguay,2025,4049.91
Perú,2025,134610.57
Pitcairn,2025,79.25
Polinesia Francesa,2025,15.56
Polonia,2025,22612.01
Portugal,2025,65962.78
Puerto Rico,2025,125701.76
Reino Unido-No UE,2025,273255.31
República Checa,2025,1326.12
República Democrática del Congo,2025,224.08
República Dominicana,2025,336425.96
Reunión,2025,6.04
Rumania,2025,2443.41
Rusia,2025,28261.47
Samoa,2025,7.55
San Cristóbal y Nieves,2025,203.02
San Martín,2025,1080.28
San Vicente y las Granadinas,2025,881.87
Santa Lucía,2025,2838.63
Santo Tomé y Príncipe,2025,7.28
Senegal,2025,86.5
Serbia,2025,666.2
Sierra Leona,2025,825.14
Singapur,2025,136124.08
Siria,2025,2191.21
Somalia,2025,400.99
Sri Lanka,2025,31.05
Suazilandia,2025,12.8
Sudáfrica,2025,7111.23
Sudán del Sur,2025,101.13
Suecia,2025,13719.59
Suiza,2025,9708.45
Surinam,2025,12895.53
Tailandia,2025,16619.42
Taiwán,2025,92992.94
Tanzania,2025,115.01
Togo,2025,37.44
Trinidad y Tobago,2025,67616.32
Turquía,2025,80162.09
Túnez,2025,4991.92
Ucrania,2025,44.4
Uganda,2025,22.43
Uruguay,2025,6643.32
Vanuatu,2025,12.73
Venezuela,2025,18935.76
Vietnam,2025,77408.86
Zambia,2025,405.71
Zimbabue,2025,3.25
