pais,year,imports_usd
Afganistán,2014,25.48
Albania,2014,19.08
Alemania,2014,360693.95
Andorra,2014,488.81
Angola,2014,0.69
Anguila,2014,0.22
Antigua y Barbuda,2014,0.8
Arabia Saudita,2014,7442.62
Argelia,2014,42.0
Argentina,2014,64465.12
Armenia,2014,0.06
Aruba,2014,61.66
Australia,2014,7819.81
Austria,2014,46712.99
Bahamas,2014,198.56
Bangladés,2014,6307.87
Barbados,2014,291.9
Baréin,2014,84.39
Belice,2014,605.58
Benín,2014,0.49
Bermudas,2014,7.55
Bielorrusia,2014,1740.05
Bolivia,2014,2626.91
Bosnia y Herzegovina,2014,89.55
Botsuana,2014,11.54
Brasil,2014,272709.56
Bulgaria,2014,1408.98
Burkina Faso,2014,0.09
Bélgica,2014,77224.58
Cabo Verde,2014,166.39
Camboya,2014,2536.56
Camerún,2014,5.85
Canadá,2014,186797.79
Catar,2014,2960.36
Chile,2014,277430.1
China,2014,1716238.83
Chipre,2014,84.94
Colombia,2014,316729.12
Comoras,2014,0.04
Congo,2014,6.52
Corea del Norte,2014,3613.71
Corea del Sur,2014,326477.96
Costa de Marfil,2014,6.38
Croacia,2014,282.43
Cuba,2014,1023.07
Curacao,2014,3391.2
Dinamarca,2014,40789.37
Dominica,2014,17.11
Ecuador,2014,33332.48
Egipto,2014,1372.03
El Salvador,2014,221682.42
Emiratos Arabes Unidos,2014,5465.07
Eritrea,2014,4.23
Eslovaquia,2014,3650.75
Eslovenia,2014,1420.07
España,2014,206022.97
Estados Unidos,2014,7605549.41
Estonia,2014,273.29
Filipinas,2014,14172.13
Finlandia,2014,8061.49
Fiyi,2014,13.65
Francia,2014,105782.43
Gabón,2014,1.16
Gambia,2014,11.91
Georgia,2014,6.76
Ghana,2014,1.42
Gibraltar,2014,7.4
Granada,2014,33.45
Grecia,2014,1241.32
Groenlandia,2014,4.13
Guadalupe,2014,3.49
Guatemala,2014,408992.56
Guinea,2014,0.06
Guinea-Bisáu,2014,0.16
Guyana,2014,68.73
Haití,2014,611.28
Holanda,2014,118034.77
Honduras,2014,108488.74
Hong Kong,2014,99961.3
Hungría,2014,8436.82
India,2014,114833.14
Indonesia,2014,34827.19
Irlanda,2014,39890.07
Irán,2014,0.95
Isla Bouvet,2014,4.69
Islandia,2014,49.36
Islas Caimán,2014,14.09
Islas Cocos,2014,2.35
Islas Cook,2014,2.43
Islas Marianas del Norte,2014,0.09
Islas Turcas y Caicos,2014,4.2
Islas Vírgenes,2014,46.97
Islas Vírgenes Británicas,2014,222.99
Islas de Ultramar Menores de Estados Unidos,2014,19.54
Israel,2014,259453.12
Italia,2014,207027.0
Jamaica,2014,1030.49
Japón,2014,475341.27
Jordania,2014,253.2
Kazajistán,2014,0.14
Kenia,2014,59.31
Kirguistan,2014,7.38
Kuwait,2014,386.7
Laos,2014,8.24
Lesoto,2014,27.12
Letonia,2014,626.02
Liberia,2014,3.65
Liechtenstein,2014,29.75
Lituania,2014,1447.72
Luxemburgo,2014,965.9
Líbano,2014,183.27
Macao,2014,44.25
Macedonia,2014,227.42
Madagascar,2014,85.23
Malasia,2014,51638.48
Malaui,2014,555.76
Malta,2014,120.27
Marruecos,2014,3798.35
Martinica,2014,4.28
Mauricio,2014,54.5
Mauritania,2014,9.85
Mayotte,2014,2.05
Moldavia,2014,0.16
Montserrat,2014,85.05
Mozambique,2014,670.0
Myanmar,2014,160.47
México,2014,1147340.98
Mónaco,2014,4.32
ND,2014,462055.31
Namibia,2014,0.01
Nauru,2014,1.36
Nepal,2014,8.69
Nicaragua,2014,155167.89
Nigeria,2014,13.11
Noruega,2014,18116.77
Nueva Caledonia,2014,0.55
Nueva Zelanda,2014,5056.59
Omán,2014,19.51
Pakistán,2014,6464.74
Palaos,2014,0.23
Palestina,2014,29.78
Panamá,2014,355708.25
Papúa Nueva Guinea,2014,4.06
Paraguay,2014,54115.07
Perú,2014,52054.5
Pitcairn,2014,97.44
Polinesia Francesa,2014,59.32
Polonia,2014,12804.42
Portugal,2014,12832.9
Puerto Rico,2014,18344.81
Reino Unido-UE,2014,102056.38
República Centroafricana,2014,229.58
República Checa,2014,7852.64
República Democrática del Congo,2014,152.76
República Dominicana,2014,49467.58
Reunión,2014,1.67
Rumania,2014,2058.71
Rusia,2014,34222.99
Sahara Occidental,2014,0.15
Samoa,2014,48.37
Samoa Americana,2014,41.6
San Marino,2014,24.94
San Martín,2014,4.33
San Vicente y las Granadinas,2014,1.65
Santa Lucía,2014,0.1
Senegal,2014,32.75
Serbia,2014,17.0
Seychelles,2014,96.99
Sierra Leona,2014,0.27
Singapur,2014,74964.63
Siria,2014,2.13
Somalia,2014,3.54
Sri Lanka,2014,2823.58
Suazilandia,2014,40.85
Sudáfrica,2014,7041.7
Sudán,2014,21.12
Suecia,2014,50450.54
Suiza,2014,116794.72
Surinam,2014,10.83
Tailandia,2014,155013.73
Taiwán,2014,159416.12
Tanzania,2014,18.2
Tayikistán,2014,11.42
Territorio Británico del Océano Índico,2014,0.03
Territorios Australes Franceses,2014,0.13
Timor-Leste,2014,0.01
Togo,2014,9.75
Tokelau,2014,2.25
Tonga,2014,0.12
Trinidad y Tobago,2014,68252.08
Turkmenistán,2014,67.39
Turquía,2014,60618.76
Tuvalu,2014,0.08
Túnez,2014,1354.84
Ucrania,2014,1898.17
Uganda,2014,0.92
Uruguay,2014,25741.57
Uzbekistán,2014,0.01
Vanuatu,2014,9.46
Venezuela,2014,44525.24
Vietnam,2014,46250.83
Yibuti,2014,0.73
Zambia,2014,9.32
Afganistán,2015,40.42
Albania,2015,11.47
Alemania,2015,378773.73
Andorra,2015,28.38
Angola,2015,2.97
Anguila,2015,11.83
Antigua y Barbuda,2015,6.22
Antillas Holandesas,2015,13.83
Antártida,2015,1.94
Arabia Saudita,2015,5028.37
Argentina,2015,61392.63
Armenia,2015,23.87
Aruba,2015,44.08
Australia,2015,8190.58
Austria,2015,27073.36
Azerbaiyán,2015,5.99
Bahamas,2015,40.84
Bangladés,2015,8536.4
Barbados,2015,350.36
Baréin,2015,148.76
Belice,2015,579.6
Benín,2015,1.9
Bermudas,2015,3.69
Bielorrusia,2015,1622.15
Bolivia,2015,1210.5
Bosnia y Herzegovina,2015,79.39
Botsuana,2015,7.57
Brasil,2015,296029.04
Bulgaria,2015,1488.81
Burkina Faso,2015,2.04
Bélgica,2015,48859.16
Camboya,2015,3065.71
Camerún,2015,3.43
Canadá,2015,164928.51
Catar,2015,6019.33
Chile,2015,268471.77
China,2015,1947987.21
Chipre,2015,157.77
Colombia,2015,306988.26
Comoras,2015,0.57
Congo,2015,4.22
Corea del Norte,2015,2311.04
Corea del Sur,2015,391050.68
Costa de Marfil,2015,47.21
Croacia,2015,6449.4
Cuba,2015,640.62
Curacao,2015,1913.52
Dinamarca,2015,76439.37
Dominica,2015,13.47
Ecuador,2015,33722.35
Egipto,2015,1857.31
El Salvador,2015,235049.28
Emiratos Arabes Unidos,2015,5937.5
Eslovaquia,2015,5204.99
Eslovenia,2015,3417.07
España,2015,218127.83
Estado del Vaticano,2015,37.22
Estados Unidos,2015,6173925.21
Estonia,2015,695.75
Etiopía,2015,24.69
Filipinas,2015,6076.73
Finlandia,2015,9470.42
Fiyi,2015,6.51
Francia,2015,120096.33
Gabón,2015,0.01
Gambia,2015,35.3
Georgia,2015,3224.67
Gibraltar,2015,0.29
Granada,2015,376.91
Grecia,2015,1363.15
Groenlandia,2015,41.27
Guadalupe,2015,35.79
Guam,2015,0.86
Guatemala,2015,399211.36
Guinea,2015,2.47
Guinea Ecuatoriana,2015,2.59
Guinea-Bisáu,2015,12.7
Guyana,2015,335.16
Haití,2015,97.9
Holanda,2015,89810.85
Honduras,2015,103525.77
Hong Kong,2015,107799.13
Hungría,2015,19163.29
India,2015,139337.89
Indonesia,2015,28778.83
Irak,2015,0.65
Irlanda,2015,49819.81
Irán,2015,5.93
Isla de Navidad,2015,0.16
Islandia,2015,140.89
Islas Caimán,2015,51.34
Islas Cocos,2015,0.65
Islas Cook,2015,0.99
Islas Heard y McDonald,2015,25.3
Islas Marianas del Norte,2015,0.09
Islas Marshall,2015,54.53
Islas Turcas y Caicos,2015,0.3
Islas Vírgenes,2015,29.46
Islas Vírgenes Británicas,2015,328.68
Islas de Ultramar Menores de Estados Unidos,2015,15.8
Israel,2015,44122.13
Italia,2015,179359.77
Jamaica,2015,1271.38
Japón,2015,418851.56
Jordania,2015,377.56
Kenia,2015,67.69
Kirguistan,2015,0.1
Kiribati,2015,3.5
Kuwait,2015,28.22
Laos,2015,0.02
Lesoto,2015,0.4
Letonia,2015,6644.58
Liechtenstein,2015,77.75
Lituania,2015,2393.71
Luxemburgo,2015,1048.49
Líbano,2015,2.08
Macao,2015,12.19
Macedonia,2015,113.92
Madagascar,2015,91.33
Malasia,2015,38258.12
Malaui,2015,178.64
Maldivas,2015,0.71
Malta,2015,396.25
Malí,2015,0.1
Marruecos,2015,3184.02
Martinica,2015,22.33
Mauricio,2015,2099.74
Mauritania,2015,4.65
Mayotte,2015,1.16
Moldavia,2015,0.41
Mongolia,2015,7.41
Montenegro,2015,0.62
Montserrat,2015,0.41
Mozambique,2015,161.58
Myanmar,2015,151.11
México,2015,1153582.53
Mónaco,2015,2.62
ND,2015,358111.21
Namibia,2015,0.32
Nauru,2015,4.58
Nepal,2015,9.27
Nicaragua,2015,129823.78
Nigeria,2015,0.51
Niue,2015,0.99
Noruega,2015,23769.6
Nueva Caledonia,2015,151.08
Nueva Zelanda,2015,7167.53
Omán,2015,42.97
Pakistán,2015,7357.55
Palaos,2015,0.03
Palestina,2015,5.86
Panamá,2015,285589.09
Paraguay,2015,5655.75
Perú,2015,57278.72
Pitcairn,2015,0.52
Polinesia Francesa,2015,18.24
Polonia,2015,9751.86
Portugal,2015,11679.19
Puerto Rico,2015,18839.08
Reino Unido-UE,2015,133065.81
República Centroafricana,2015,43.63
República Checa,2015,27661.52
República Democrática del Congo,2015,1922.51
República Dominicana,2015,37196.37
Reunión,2015,0.29
Ruanda,2015,0.31
Rumania,2015,2289.9
Rusia,2015,40553.87
Sahara Occidental,2015,0.94
Samoa Americana,2015,17.24
San Cristóbal y Nieves,2015,0.3
Santa Lucía,2015,0.71
Senegal,2015,1.27
Serbia,2015,8.46
Seychelles,2015,236.14
Sierra Leona,2015,0.03
Singapur,2015,46345.43
Siria,2015,8.13
Somalia,2015,0.45
Sri Lanka,2015,2003.03
Suazilandia,2015,0.68
Sudáfrica,2015,6184.11
Sudán,2015,4.9
Sudán del Sur,2015,0.03
Suecia,2015,32206.68
Suiza,2015,114901.95
Surinam,2015,414.67
Tailandia,2015,180013.77
Taiwán,2015,122486.04
Tanzania,2015,22.89
Tayikistán,2015,0.31
Territorio Británico del Océano Índico,2015,1.72
Timor-Leste,2015,0.0
Togo,2015,1.59
Tokelau,2015,0.13
Trinidad y Tobago,2015,44234.61
Turkmenistán,2015,52.2
Turquía,2015,62427.42
Tuvalu,2015,0.09
Túnez,2015,764.14
Ucrania,2015,13330.88
Uganda,2015,3.75
Uruguay,2015,24032.26
Vanuatu,2015,6.63
Venezuela,2015,64968.05
Vietnam,2015,56188.62
Wallis y Futuna,2015,0.45
Zambia,2015,2.27
Zimbabue,2015,3.4
Afganistán,2016,2.99
Albania,2016,39.6
Alemania,2016,389156.64
Andorra,2016,46.96
Angola,2016,12.11
Anguila,2016,0.09
Antillas Holandesas,2016,39.68
Antártida,2016,0.08
Arabia Saudita,2016,4004.95
Argelia,2016,0.19
Argentina,2016,62251.5
Armenia,2016,92.1
Aruba,2016,1.59
Australia,2016,8474.27
Austria,2016,21971.08
Azerbaiyán,2016,13.62
Bahamas,2016,8879.72
Bangladés,2016,11793.64
Barbados,2016,80.69
Baréin,2016,59.39
Belice,2016,224.16
Benín,2016,2.64
Bermudas,2016,7.43
Bielorrusia,2016,1908.43
Bolivia,2016,1111.27
Bosnia y Herzegovina,2016,81.69
Botsuana,2016,1.48
Brasil,2016,331930.32
Brunéi Darussalam,2016,0.0
Bulgaria,2016,1962.47
Burkina Faso,2016,0.06
Burundi,2016,5.19
Bélgica,2016,66497.21
Camboya,2016,3901.48
Camerún,2016,10.22
Canadá,2016,156437.12
Catar,2016,6974.84
Chad,2016,2.98
Chile,2016,282468.88
China,2016,2097003.4
Chipre,2016,130.21
Colombia,2016,293498.82
Comoras,2016,79.57
Congo,2016,0.46
Corea del Norte,2016,1424.01
Corea del Sur,2016,340499.63
Costa de Marfil,2016,12.14
Croacia,2016,48.57
Cuba,2016,318.84
Curacao,2016,516.96
Dinamarca,2016,213242.09
Dominica,2016,49.9
Ecuador,2016,27865.83
Egipto,2016,1922.55
El Salvador,2016,236820.55
Emiratos Arabes Unidos,2016,3596.15
Eslovaquia,2016,7119.44
Eslovenia,2016,2291.34
España,2016,222859.24
Estado del Vaticano,2016,6.79
Estados Unidos,2016,6496426.5
Estonia,2016,1137.44
Etiopía,2016,1.14
Filipinas,2016,10508.6
Finlandia,2016,10940.33
Fiyi,2016,181.09
Francia,2016,114047.37
Gabón,2016,0.76
Gambia,2016,108.75
Georgia,2016,988.67
Ghana,2016,0.13
Gibraltar,2016,4.23
Granada,2016,0.4
Grecia,2016,1878.3
Groenlandia,2016,39.97
Guam,2016,0.17
Guatemala,2016,416845.99
Guinea,2016,0.09
Guinea-Bisáu,2016,0.99
Guyana,2016,319.58
Haití,2016,178.32
Holanda,2016,96895.82
Honduras,2016,106064.72
Hong Kong,2016,187909.37
Hungría,2016,41474.05
India,2016,180113.5
Indonesia,2016,69669.83
Irak,2016,0.67
Irlanda,2016,55753.78
Irán,2016,3.23
Isla Bouvet,2016,1.17
Islandia,2016,65.36
Islas Caimán,2016,1912.61
Islas Cocos,2016,0.87
Islas Heard y McDonald,2016,2.49
Islas Marianas del Norte,2016,0.37
Islas Marshall,2016,4.52
Islas Turcas y Caicos,2016,1.55
Islas Vírgenes,2016,40.3
Islas Vírgenes Británicas,2016,480.04
Israel,2016,37605.03
Italia,2016,199097.36
Jamaica,2016,1391.19
Japón,2016,446862.68
Jordania,2016,546.62
Kazajistán,2016,9.22
Kenia,2016,65.8
Kirguistan,2016,0.42
Kiribati,2016,1.84
Kuwait,2016,7.15
Laos,2016,36.5
Lesoto,2016,17.95
Letonia,2016,5262.79
Liberia,2016,0.2
Liechtenstein,2016,176.19
Lituania,2016,1613.38
Luxemburgo,2016,9904.68
Líbano,2016,29.88
Macao,2016,142.99
Macedonia,2016,62.37
Madagascar,2016,108.34
Malasia,2016,52667.86
Malaui,2016,134.42
Maldivas,2016,0.55
Malta,2016,222.8
Malí,2016,0.1
Marruecos,2016,5411.66
Martinica,2016,1.52
Mauricio,2016,50.26
Mauritania,2016,3.88
Mayotte,2016,40.8
Micronesia,2016,0.57
Moldavia,2016,0.68
Montenegro,2016,0.01
Montserrat,2016,0.74
Mozambique,2016,288.04
Myanmar,2016,212.73
México,2016,1070233.13
Mónaco,2016,32.56
ND,2016,501356.06
Namibia,2016,8.71
Nauru,2016,1.61
Nepal,2016,7.7
Nicaragua,2016,141694.29
Nigeria,2016,0.06
Noruega,2016,7784.48
Nueva Caledonia,2016,1.3
Nueva Zelanda,2016,9393.17
Níger,2016,2.94
Omán,2016,90.15
Pakistán,2016,8458.6
Palaos,2016,0.24
Palestina,2016,3.68
Panamá,2016,294393.91
Paraguay,2016,23032.64
Perú,2016,61155.81
Pitcairn,2016,8.1
Polinesia Francesa,2016,28.88
Polonia,2016,12529.57
Portugal,2016,13484.29
Puerto Rico,2016,26729.5
Reino Unido-UE,2016,127927.59
República Centroafricana,2016,1.78
República Checa,2016,5696.35
República Democrática del Congo,2016,2864.49
República Dominicana,2016,37972.79
Reunión,2016,4.95
Ruanda,2016,1.45
Rumania,2016,2512.95
Rusia,2016,48838.55
Samoa,2016,383.96
Samoa Americana,2016,41.79
San Marino,2016,0.34
Santa Lucía,2016,29.76
Senegal,2016,28.85
Serbia,2016,1262.13
Seychelles,2016,18.71
Sierra Leona,2016,0.11
Singapur,2016,35331.77
Siria,2016,2.0
Somalia,2016,1.85
Sri Lanka,2016,3714.65
Suazilandia,2016,0.46
Sudáfrica,2016,6529.63
Sudán,2016,4.39
Suecia,2016,39176.2
Suiza,2016,145614.63
Surinam,2016,1.57
Tailandia,2016,184209.21
Taiwán,2016,112518.57
Tanzania,2016,21.9
Tayikistán,2016,17.44
Territorio Británico del Océano Índico,2016,7.58
Territorios Australes Franceses,2016,0.68
Togo,2016,0.02
Trinidad y Tobago,2016,15890.23
Turkmenistán,2016,41.43
Turquía,2016,56348.91
Túnez,2016,977.6
Ucrania,2016,14850.56
Uganda,2016,6.06
Uruguay,2016,30932.97
Vanuatu,2016,4.84
Venezuela,2016,19071.33
Vietnam,2016,72401.6
Wallis y Futuna,2016,3.52
Yibuti,2016,72.01
Zambia,2016,40.53
Zimbabue,2016,1.07
Afganistán,2017,6.93
Albania,2017,47.75
Alemania,2017,405694.33
Andorra,2017,113.34
Angola,2017,0.76
Anguila,2017,0.03
Antigua y Barbuda,2017,35.26
Antillas Holandesas,2017,128.46
Antártida,2017,0.1
Arabia Saudita,2017,3521.92
Argelia,2017,45.29
Argentina,2017,117350.04
Armenia,2017,185.15
Aruba,2017,0.8
Australia,2017,6844.93
Austria,2017,23934.57
Azerbaiyán,2017,0.3
Bahamas,2017,323.28
Bangladés,2017,14016.21
Barbados,2017,65.19
Baréin,2017,27.73
Belice,2017,191.78
Benín,2017,110.15
Bermudas,2017,6.55
Bielorrusia,2017,5064.79
Bolivia,2017,1142.64
Bosnia y Herzegovina,2017,57.72
Botsuana,2017,8.01
Brasil,2017,307087.21
Brunéi Darussalam,2017,0.22
Bulgaria,2017,3050.74
Burundi,2017,1.28
Bélgica,2017,55419.78
Cabo Verde,2017,0.04
Camboya,2017,4446.67
Camerún,2017,7.81
Canadá,2017,163041.22
Catar,2017,12872.31
Chad,2017,0.23
Chile,2017,280320.5
China,2017,2103053.24
Chipre,2017,37.45
Colombia,2017,300166.03
Comoras,2017,28.8
Congo,2017,5.04
Corea del Norte,2017,1417.68
Corea del Sur,2017,262576.47
Costa de Marfil,2017,11.36
Croacia,2017,307.07
Cuba,2017,4547.67
Curacao,2017,1768.03
Dinamarca,2017,70075.47
Dominica,2017,24.27
Ecuador,2017,31152.42
Egipto,2017,2076.22
El Salvador,2017,250816.37
Emiratos Arabes Unidos,2017,3973.27
Eritrea,2017,0.13
Eslovaquia,2017,3048.06
Eslovenia,2017,3100.03
España,2017,282151.21
Estados Unidos,2017,6562121.68
Estonia,2017,5426.81
Etiopía,2017,17.38
Filipinas,2017,11957.11
Finlandia,2017,9103.94
Fiyi,2017,10.98
Francia,2017,130617.29
Gabón,2017,0.17
Gambia,2017,6.17
Georgia,2017,11.45
Ghana,2017,7.01
Gibraltar,2017,0.49
Granada,2017,4.15
Grecia,2017,1625.71
Groenlandia,2017,1.69
Guadalupe,2017,0.79
Guatemala,2017,422023.69
Guayana Francesa,2017,209.46
Guinea,2017,1.1
Guinea-Bisáu,2017,0.13
Guyana,2017,238.99
Haití,2017,372.05
Holanda,2017,93778.03
Honduras,2017,101092.94
Hong Kong,2017,166113.92
Hungría,2017,38365.08
India,2017,191241.56
Indonesia,2017,33196.1
Irak,2017,1.97
Irlanda,2017,59244.66
Irán,2017,17.2
Isla Bouvet,2017,0.93
Isla Norfolk,2017,1.73
Isla de Navidad,2017,2.19
Islandia,2017,2600.31
Islas Caimán,2017,3.5
Islas Cocos,2017,10.78
Islas Cook,2017,0.88
Islas Feroe,2017,0.0
Islas Malvinas,2017,0.76
Islas Marshall,2017,1.77
Islas Turcas y Caicos,2017,6.54
Islas Vírgenes,2017,29.86
Islas Vírgenes Británicas,2017,687.16
Islas de Ultramar Menores de Estados Unidos,2017,16.24
Israel,2017,52106.84
Italia,2017,207036.34
Jamaica,2017,1444.97
Japón,2017,409478.61
Jordania,2017,382.78
Kazajistán,2017,78.88
Kenia,2017,80.63
Kiribati,2017,9.51
Kuwait,2017,25.14
Laos,2017,7.97
Lesoto,2017,47.44
Letonia,2017,2647.09
Liechtenstein,2017,142.58
Lituania,2017,6847.56
Luxemburgo,2017,25964.16
Líbano,2017,60.58
Macao,2017,420.25
Macedonia,2017,106.11
Madagascar,2017,111.75
Malasia,2017,77074.83
Malaui,2017,1.34
Maldivas,2017,59.91
Malta,2017,50.26
Malí,2017,0.72
Marruecos,2017,5861.95
Martinica,2017,5.83
Mauricio,2017,82.73
Mauritania,2017,325.15
Mayotte,2017,0.16
Moldavia,2017,19.01
Mozambique,2017,845.15
Myanmar,2017,411.81
México,2017,1126673.1
Mónaco,2017,0.83
ND,2017,538401.86
Namibia,2017,0.82
Nauru,2017,12.42
Nepal,2017,5.67
Nicaragua,2017,151757.86
Nigeria,2017,43.86
Noruega,2017,3432.4
Nueva Caledonia,2017,0.3
Nueva Zelanda,2017,9118.46
Omán,2017,89.87
Pakistán,2017,8355.4
Palaos,2017,1.59
Palestina,2017,29.46
Panamá,2017,270730.03
Papúa Nueva Guinea,2017,0.1
Paraguay,2017,6373.99
Perú,2017,64362.86
Pitcairn,2017,13.33
Polinesia Francesa,2017,12.89
Polonia,2017,15173.53
Portugal,2017,11012.63
Puerto Rico,2017,22834.62
Reino Unido-UE,2017,129153.35
República Centroafricana,2017,3.61
República Checa,2017,8332.08
República Democrática del Congo,2017,6.75
República Dominicana,2017,59974.28
Reunión,2017,9.36
Rumania,2017,4380.33
Rusia,2017,39451.32
Sahara Occidental,2017,0.0
Samoa Americana,2017,25.79
San Cristóbal y Nieves,2017,0.89
San Marino,2017,0.36
Santa Lucía,2017,46.06
Senegal,2017,3.61
Serbia,2017,1067.44
Seychelles,2017,0.03
Sierra Leona,2017,1.3
Singapur,2017,58896.12
Siria,2017,47.53
Somalia,2017,2.75
Sri Lanka,2017,4330.97
Suazilandia,2017,25.48
Sudáfrica,2017,6632.37
Sudán,2017,14.69
Sudán del Sur,2017,3.14
Suecia,2017,46579.4
Suiza,2017,152768.64
Surinam,2017,36.07
Svalbard y Jan Mayen,2017,0.0
Tailandia,2017,154045.27
Taiwán,2017,108880.1
Tanzania,2017,79.58
Tayikistán,2017,0.23
Territorio Británico del Océano Índico,2017,3.2
Territorios Australes Franceses,2017,1.52
Timor-Leste,2017,0.0
Togo,2017,12.68
Tokelau,2017,0.42
Trinidad y Tobago,2017,9801.06
Turkmenistán,2017,1.98
Turquía,2017,68638.08
Túnez,2017,987.2
Ucrania,2017,13933.14
Uganda,2017,5.59
Uruguay,2017,34376.22
Uzbekistán,2017,0.82
Vanuatu,2017,0.03
Venezuela,2017,26162.89
Vietnam,2017,85205.49
Zambia,2017,11.09
Zimbabue,2017,0.18
Afganistán,2018,6.56
Albania,2018,112.91
Alemania,2018,416943.52
Andorra,2018,33.19
Angola,2018,14.7
Antigua y Barbuda,2018,10.55
Antillas Holandesas,2018,16.45
Antártida,2018,0.16
Arabia Saudita,2018,5418.76
Argelia,2018,1311.63
Argentina,2018,110679.62
Armenia,2018,49.07
Aruba,2018,11.28
Australia,2018,6925.92
Austria,2018,25928.98
Azerbaiyán,2018,0.25
Bahamas,2018,6422.1
Bangladés,2018,16291.43
Barbados,2018,289.13
Baréin,2018,1347.47
Belice,2018,1651.31
Bermudas,2018,1.05
Bielorrusia,2018,7194.46
Bolivia,2018,3345.37
"Bonaire, San Eustaquio y Saba",2018,0.64
Bosnia y Herzegovina,2018,99.63
Botsuana,2018,49.7
Brasil,2018,352854.63
Bulgaria,2018,2883.44
Burkina Faso,2018,1.02
Bélgica,2018,66948.0
Cabo Verde,2018,0.46
Camboya,2018,5314.55
Camerún,2018,7.47
Canadá,2018,161858.9
Catar,2018,11752.07
Chad,2018,2.21
Chile,2018,282242.85
China,2018,2287683.49
Chipre,2018,54.67
Colombia,2018,308780.43
Comoras,2018,4.23
Congo,2018,1.61
Corea del Norte,2018,1244.65
Corea del Sur,2018,253844.5
Costa de Marfil,2018,4.62
Croacia,2018,197.67
Cuba,2018,251.0
Curacao,2018,127.7
Dinamarca,2018,57246.82
Dominica,2018,97.15
Ecuador,2018,35258.79
Egipto,2018,2137.32
El Salvador,2018,243885.66
Emiratos Arabes Unidos,2018,40587.47
Eritrea,2018,0.41
Eslovaquia,2018,2734.39
Eslovenia,2018,3780.13
España,2018,259863.85
Estado del Vaticano,2018,0.08
Estados Unidos,2018,6935003.15
Estonia,2018,1897.11
Etiopía,2018,22.41
Filipinas,2018,13077.98
Finlandia,2018,14456.73
Fiyi,2018,60.83
Francia,2018,125980.7
Gabón,2018,0.07
Gambia,2018,12.21
Georgia,2018,772.3
Ghana,2018,3.86
Gibraltar,2018,21.49
Granada,2018,0.0
Grecia,2018,2507.02
Groenlandia,2018,0.89
Guadalupe,2018,2.1
Guatemala,2018,415265.4
Guayana Francesa,2018,0.01
Guinea,2018,1.62
Guyana,2018,2957.1
Haití,2018,460.45
Holanda,2018,90638.86
Honduras,2018,109751.73
Hong Kong,2018,290363.4
Hungría,2018,33243.56
India,2018,182987.19
Indonesia,2018,35116.9
Irak,2018,1.13
Irlanda,2018,57520.16
Irán,2018,151.07
Isla Norfolk,2018,1.85
Isla de Navidad,2018,0.02
Islandia,2018,1218.64
Islas Caimán,2018,412.25
Islas Cocos,2018,17.72
Islas Cook,2018,52.2
Islas Heard y McDonald,2018,3.91
Islas Malvinas,2018,199.81
Islas Salomón,2018,0.22
Islas Turcas y Caicos,2018,1.04
Islas Vírgenes,2018,6.54
Islas Vírgenes Británicas,2018,12403.5
Islas de Ultramar Menores de Estados Unidos,2018,26.49
Israel,2018,47161.04
Italia,2018,214952.64
Jamaica,2018,1321.46
Japón,2018,385629.69
Jordania,2018,456.66
Kazajistán,2018,134.57
Kenia,2018,113.45
Kirguistan,2018,0.38
Kiribati,2018,0.38
Kuwait,2018,7.0
Laos,2018,40.58
Lesoto,2018,26.95
Letonia,2018,2013.82
Liechtenstein,2018,375.68
Lituania,2018,7563.48
Luxemburgo,2018,14207.36
Líbano,2018,55.85
Macao,2018,821.05
Macedonia,2018,20.78
Madagascar,2018,90.37
Malasia,2018,72078.44
Malaui,2018,35.92
Maldivas,2018,244.61
Malta,2018,359.76
Malí,2018,0.14
Marruecos,2018,4644.56
Martinica,2018,16.96
Mauricio,2018,21878.3
Mauritania,2018,0.28
Moldavia,2018,14.41
Mongolia,2018,69.71
Mozambique,2018,70.15
Myanmar,2018,844.77
México,2018,1171309.0
Mónaco,2018,12.96
ND,2018,446214.12
Namibia,2018,1.16
Nauru,2018,0.66
Nepal,2018,7.59
Nicaragua,2018,149364.34
Nigeria,2018,101.42
Noruega,2018,4749.88
Nueva Caledonia,2018,5.9
Nueva Zelanda,2018,12043.41
Omán,2018,2434.38
Pakistán,2018,8041.72
Palaos,2018,2.27
Palestina,2018,2.5
Panamá,2018,224806.49
Papúa Nueva Guinea,2018,25.66
Paraguay,2018,7687.42
Perú,2018,66296.56
Pitcairn,2018,12.98
Polinesia Francesa,2018,16.34
Polonia,2018,17081.16
Portugal,2018,18212.37
Puerto Rico,2018,29758.22
Reino Unido-UE,2018,129472.71
República Centroafricana,2018,32.78
República Checa,2018,10361.28
República Democrática del Congo,2018,1814.57
República Dominicana,2018,36120.48
Reunión,2018,8.02
Ruanda,2018,0.07
Rumania,2018,3246.39
Rusia,2018,78676.24
Samoa,2018,0.03
Samoa Americana,2018,136.74
San Cristóbal y Nieves,2018,0.04
San Marino,2018,2.94
San Vicente y las Granadinas,2018,75.95
Santo Tomé y Príncipe,2018,0.01
Senegal,2018,2.24
Serbia,2018,1131.26
Seychelles,2018,1024.05
Sierra Leona,2018,4.97
Singapur,2018,65710.16
Siria,2018,15.94
Somalia,2018,3.15
Sri Lanka,2018,4516.95
Suazilandia,2018,46.52
Sudáfrica,2018,6032.53
Sudán del Sur,2018,1.36
Suecia,2018,47309.96
Suiza,2018,155699.14
Surinam,2018,0.08
Svalbard y Jan Mayen,2018,3.49
Tailandia,2018,108955.49
Taiwán,2018,117981.85
Tanzania,2018,33.26
Tayikistán,2018,3.26
Territorio Británico del Océano Índico,2018,3.24
Territorios Australes Franceses,2018,58.84
Tokelau,2018,3.39
Trinidad y Tobago,2018,9170.51
Turkmenistán,2018,0.13
Turquía,2018,84805.53
Túnez,2018,657.9
Ucrania,2018,31987.32
Uganda,2018,1.45
Uruguay,2018,39034.67
Uzbekistán,2018,141.01
Vanuatu,2018,0.09
Venezuela,2018,19419.8
Vietnam,2018,66414.4
Yibuti,2018,25.0
Zambia,2018,12.32
Zimbabue,2018,34.03
Afganistán,2019,11.39
Albania,2019,124.21
Alemania,2019,386305.19
Andorra,2019,6.49
Angola,2019,0.13
Anguila,2019,15.6
Antigua y Barbuda,2019,3.97
Antillas Holandesas,2019,12784.74
Arabia Saudita,2019,2925.95
Argelia,2019,4102.76
Argentina,2019,130250.66
Armenia,2019,0.58
Aruba,2019,1.42
Australia,2019,6208.75
Austria,2019,24574.6
Azerbaiyán,2019,1.16
Bahamas,2019,1243.38
Bangladés,2019,17377.52
Barbados,2019,41.63
Baréin,2019,20.29
Belice,2019,159.54
Benín,2019,0.0
Bermudas,2019,25.53
Bielorrusia,2019,6374.41
Bolivia,2019,1214.8
Bosnia y Herzegovina,2019,99.92
Botsuana,2019,26.19
Brasil,2019,350975.8
Brunéi Darussalam,2019,10.08
Bulgaria,2019,2519.19
Burundi,2019,0.01
Bután,2019,15.74
Bélgica,2019,62336.75
Cabo Verde,2019,0.69
Camboya,2019,6664.88
Camerún,2019,0.83
Canadá,2019,161110.61
Catar,2019,8770.56
Chad,2019,0.01
Chile,2019,202219.29
China,2019,2159599.1
Chipre,2019,12.21
Colombia,2019,319344.46
Comoras,2019,10.58
Congo,2019,42.61
Corea del Norte,2019,7578.36
Corea del Sur,2019,286506.95
Costa de Marfil,2019,0.82
Croacia,2019,556.1
Cuba,2019,626.67
Curacao,2019,226.63
Dinamarca,2019,49139.81
Dominica,2019,114.99
Ecuador,2019,28491.05
Egipto,2019,2214.21
El Salvador,2019,232511.19
Emiratos Arabes Unidos,2019,8894.19
Eslovaquia,2019,2454.77
Eslovenia,2019,3364.97
España,2019,258474.07
Estados Unidos,2019,6631442.27
Estonia,2019,2507.16
Etiopía,2019,65.16
Filipinas,2019,11572.54
Finlandia,2019,13754.74
Fiyi,2019,54.38
Francia,2019,124346.58
Gambia,2019,30.67
Georgia,2019,74.97
Ghana,2019,489.52
Gibraltar,2019,5.94
Granada,2019,0.92
Grecia,2019,3773.5
Guadalupe,2019,0.12
Guam,2019,1.08
Guatemala,2019,398660.63
Guayana Francesa,2019,0.16
Guinea-Bisáu,2019,13.82
Guyana,2019,810.63
Haití,2019,411.79
Holanda,2019,242596.42
Honduras,2019,116877.49
Hong Kong,2019,228307.16
Hungría,2019,40778.94
India,2019,180051.59
Indonesia,2019,32472.26
Irak,2019,0.21
Irlanda,2019,68609.02
Irán,2019,10.22
Isla Bouvet,2019,2.22
Isla Norfolk,2019,2.35
Islandia,2019,334.87
Islas Caimán,2019,4071.93
Islas Cocos,2019,3.73
Islas Cook,2019,0.03
Islas Malvinas,2019,66.63
Islas Marianas del Norte,2019,12.19
Islas Marshall,2019,0.32
Islas Turcas y Caicos,2019,2.97
Islas Vírgenes,2019,355.72
Islas Vírgenes Británicas,2019,485.01
Israel,2019,44413.58
Italia,2019,195640.76
Jamaica,2019,2282.78
Japón,2019,362968.6
Jordania,2019,539.84
Kazajistán,2019,1.81
Kenia,2019,126.16
Kirguistan,2019,0.01
Kiribati,2019,0.01
Laos,2019,46.78
Lesoto,2019,11.64
Letonia,2019,1274.79
Libia,2019,0.07
Liechtenstein,2019,105.21
Lituania,2019,79395.9
Luxemburgo,2019,1492.49
Líbano,2019,36.96
Macao,2019,14.24
Macedonia,2019,19.54
Madagascar,2019,89.81
Malasia,2019,82115.61
Malaui,2019,29.69
Maldivas,2019,830.75
Malta,2019,228.9
Malí,2019,2.43
Marruecos,2019,5265.04
Martinica,2019,6.73
Mauricio,2019,114.58
Mauritania,2019,7.53
Mayotte,2019,3.46
Micronesia,2019,0.12
Moldavia,2019,15.88
Mozambique,2019,30.9
Myanmar,2019,1097.32
México,2019,1092857.83
Mónaco,2019,21.3
ND,2019,531488.96
Namibia,2019,10.65
Nauru,2019,0.64
Nepal,2019,13.0
Nicaragua,2019,157053.0
Nigeria,2019,9.2
Noruega,2019,11379.43
Nueva Zelanda,2019,7162.89
Omán,2019,3385.18
Pakistán,2019,7668.18
Palestina,2019,47.42
Panamá,2019,204982.86
Paraguay,2019,10032.04
Perú,2019,60883.45
Pitcairn,2019,9.76
Polinesia Francesa,2019,1.67
Polonia,2019,15877.08
Portugal,2019,13784.54
Puerto Rico,2019,25565.65
Reino Unido-UE,2019,147480.81
República Centroafricana,2019,3.79
República Checa,2019,9761.04
República Democrática del Congo,2019,429.46
República Dominicana,2019,35287.87
Reunión,2019,0.19
Rumania,2019,3597.61
Rusia,2019,65404.71
Sahara Occidental,2019,61.36
Samoa,2019,1.72
Samoa Americana,2019,39.77
San Cristóbal y Nieves,2019,1.68
San Marino,2019,0.18
San Vicente y las Granadinas,2019,21.1
Senegal,2019,1.25
Serbia,2019,1034.73
Seychelles,2019,15.3
Sierra Leona,2019,1.36
Singapur,2019,65683.51
Siria,2019,21.34
Somalia,2019,2.77
Sri Lanka,2019,5242.44
Suazilandia,2019,8.26
Sudáfrica,2019,5175.17
Sudán,2019,10.68
Suecia,2019,47363.57
Suiza,2019,164543.01
Surinam,2019,20.28
Svalbard y Jan Mayen,2019,0.33
Tailandia,2019,105764.81
Taiwán,2019,127152.88
Tanzania,2019,32.96
Tayikistán,2019,10.11
Territorio Británico del Océano Índico,2019,0.33
Timor-Leste,2019,0.77
Togo,2019,36.15
Tokelau,2019,1.16
Trinidad y Tobago,2019,8241.31
Turkmenistán,2019,1.02
Turquía,2019,70468.26
Túnez,2019,1095.71
Ucrania,2019,60656.48
Uganda,2019,6.31
Uruguay,2019,41054.45
Vanuatu,2019,0.9
Venezuela,2019,21760.6
Vietnam,2019,87240.71
Wallis y Futuna,2019,0.36
Zambia,2019,233.18
Zimbabue,2019,2.96
Afganistán,2020,7.26
Albania,2020,578.04
Alemania,2020,380683.66
Andorra,2020,2.85
Angola,2020,0.4
Anguila,2020,2.32
Antigua y Barbuda,2020,5.3
Antillas Holandesas,2020,10739.66
Arabia Saudita,2020,1868.14
Argentina,2020,103243.36
Armenia,2020,6.37
Aruba,2020,5.71
Australia,2020,7613.26
Austria,2020,25282.04
Azerbaiyán,2020,0.24
Bahamas,2020,678.48
Bangladés,2020,12691.05
Barbados,2020,220.04
Baréin,2020,264.09
Belice,2020,146.43
Benín,2020,8.2
Bermudas,2020,31.15
Bielorrusia,2020,10771.16
Bolivia,2020,2500.2
Bosnia y Herzegovina,2020,64.53
Botsuana,2020,7.33
Brasil,2020,304131.75
Bulgaria,2020,2282.06
Burkina Faso,2020,0.86
Bután,2020,4.49
Bélgica,2020,61561.6
Camboya,2020,4826.62
Camerún,2020,21.2
Canadá,2020,173114.34
Catar,2020,2585.65
Chad,2020,0.3
Chile,2020,203591.21
China,2020,2200334.95
Chipre,2020,84.87
Colombia,2020,281804.39
Comoras,2020,0.19
Congo,2020,0.28
Corea del Norte,2020,2581.3
Corea del Sur,2020,232567.56
Costa de Marfil,2020,1.39
Croacia,2020,282.8
Cuba,2020,108.09
Curacao,2020,66.69
Dinamarca,2020,215266.73
Dominica,2020,841.11
Ecuador,2020,29393.68
Egipto,2020,1920.06
El Salvador,2020,205042.94
Emiratos Arabes Unidos,2020,7135.33
Eslovaquia,2020,2778.2
Eslovenia,2020,2830.1
España,2020,248259.36
Estados Unidos,2020,6670191.45
Estonia,2020,7105.32
Etiopía,2020,40.41
Filipinas,2020,14149.82
Finlandia,2020,10496.66
Fiyi,2020,44.98
Francia,2020,146285.61
Gabón,2020,5.79
Gambia,2020,22.39
Georgia,2020,17.1
Ghana,2020,4.16
Gibraltar,2020,11.81
Granada,2020,22.03
Grecia,2020,3199.46
Guatemala,2020,407928.62
Guayana Francesa,2020,0.51
Guinea,2020,0.2
Guyana,2020,574.11
Haití,2020,286.59
Holanda,2020,135367.21
Honduras,2020,115839.36
Hong Kong,2020,120111.03
Hungría,2020,28309.35
India,2020,153894.4
Indonesia,2020,28546.05
Irak,2020,0.66
Irlanda,2020,66233.95
Irán,2020,0.17
Isla Bouvet,2020,4.18
Isla Norfolk,2020,133.71
Isla de Navidad,2020,76.57
Islandia,2020,500.33
Islas Caimán,2020,3061.92
Islas Cocos,2020,15.86
Islas Cook,2020,0.98
Islas Malvinas,2020,715.27
Islas Turcas y Caicos,2020,0.09
Islas Vírgenes,2020,40.98
Islas Vírgenes Británicas,2020,94.48
Islas de Ultramar Menores de Estados Unidos,2020,3.38
Israel,2020,33883.21
Italia,2020,193321.39
Jamaica,2020,10659.21
Japón,2020,309717.39
Jordania,2020,673.16
Kazajistán,2020,6.43
Kenia,2020,69.67
Kirguistan,2020,4.93
Kuwait,2020,48.1
Laos,2020,64.21
Lesoto,2020,51.78
Letonia,2020,1217.75
Liechtenstein,2020,107.74
Lituania,2020,3384.04
Luxemburgo,2020,2923.78
Líbano,2020,83.54
Macao,2020,158.49
Macedonia,2020,18.42
Madagascar,2020,54.0
Malasia,2020,339929.58
Malaui,2020,1.29
Maldivas,2020,1203.24
Malta,2020,126.75
Malí,2020,0.32
Marruecos,2020,5687.03
Martinica,2020,2.53
Mauricio,2020,207.57
Mauritania,2020,2.25
Mayotte,2020,0.78
Moldavia,2020,6.69
Mongolia,2020,0.02
Montenegro,2020,284.68
Montserrat,2020,19.7
Mozambique,2020,22.44
Myanmar,2020,1564.8
México,2020,977743.82
Mónaco,2020,9.1
ND,2020,725791.48
Namibia,2020,0.53
Nepal,2020,17.22
Nicaragua,2020,147641.46
Nigeria,2020,94.97
Noruega,2020,13629.61
Nueva Caledonia,2020,0.95
Nueva Zelanda,2020,11564.87
Omán,2020,1599.54
Pakistán,2020,6817.16
Palestina,2020,13.19
Panamá,2020,203016.29
Papúa Nueva Guinea,2020,0.99
Paraguay,2020,10659.54
Perú,2020,58736.84
Pitcairn,2020,16.84
Polinesia Francesa,2020,9.28
Polonia,2020,19025.98
Portugal,2020,10854.24
Puerto Rico,2020,25928.84
Reino Unido-No UE,2020,145862.94
República Centroafricana,2020,15.14
República Checa,2020,8319.45
República Democrática del Congo,2020,0.69
República Dominicana,2020,38672.23
Reunión,2020,0.43
Ruanda,2020,0.08
Rumania,2020,3017.3
Rusia,2020,49074.65
Samoa,2020,0.21
Samoa Americana,2020,27.29
San Cristóbal y Nieves,2020,4.54
San Marino,2020,20.68
San Martín,2020,2.31
San Vicente y las Granadinas,2020,0.04
Santa Lucía,2020,53.18
Senegal,2020,16.51
Serbia,2020,1138.81
Seychelles,2020,141.86
Sierra Leona,2020,0.51
Singapur,2020,97301.23
Siria,2020,0.2
Somalia,2020,6.25
Sri Lanka,2020,4307.96
Suazilandia,2020,42.18
Sudáfrica,2020,4136.11
Sudán,2020,11.35
Suecia,2020,51663.93
Suiza,2020,160232.86
Surinam,2020,11.42
Tailandia,2020,107679.55
Taiwán,2020,121681.55
Tanzania,2020,8.1
Tayikistán,2020,51.1
Territorio Británico del Océano Índico,2020,36.24
Togo,2020,1.01
Tokelau,2020,2.45
Tonga,2020,2.99
Trinidad y Tobago,2020,10770.22
Turkmenistán,2020,11.17
Turquía,2020,68067.45
Tuvalu,2020,0.03
Túnez,2020,1169.26
Ucrania,2020,64227.58
Uganda,2020,6.93
Uruguay,2020,42766.65
Vanuatu,2020,2.21
Venezuela,2020,6933.91
Vietnam,2020,161606.52
Zambia,2020,14.36
Zimbabue,2020,8.13
Zona Franca,2020,0.96
Afganistán,2021,26.16
Albania,2021,15.07
Alemania,2021,422471.67
Andorra,2021,29.62
Angola,2021,1.93
Antigua y Barbuda,2021,3.36
Antillas Holandesas,2021,99020.31
Antártida,2021,2.63
Arabia Saudita,2021,15040.9
Argelia,2021,46.75
Argentina,2021,124971.63
Armenia,2021,14.99
Aruba,2021,73.89
Australia,2021,8786.22
Austria,2021,30166.62
Bahamas,2021,887.84
Bangladés,2021,19730.82
Barbados,2021,99.69
Baréin,2021,194.28
Belice,2021,902.24
Benín,2021,3.23
Bermudas,2021,56.38
Bielorrusia,2021,9725.19
Bolivia,2021,15931.52
Bosnia y Herzegovina,2021,158.8
Botsuana,2021,1.69
Brasil,2021,409710.49
Brunéi Darussalam,2021,0.02
Bulgaria,2021,3026.83
Burkina Faso,2021,1.18
Bután,2021,0.46
Bélgica,2021,149608.37
Cabo Verde,2021,0.31
Camboya,2021,6717.17
Camerún,2021,2.65
Canadá,2021,203256.14
Catar,2021,6664.8
Chad,2021,0.62
Chile,2021,278844.19
China,2021,3054889.95
Chipre,2021,55.36
Colombia,2021,343569.4
Comoras,2021,0.74
Congo,2021,29.47
Corea del Norte,2021,2569.84
Corea del Sur,2021,234314.1
Costa de Marfil,2021,0.49
Croacia,2021,331.9
Cuba,2021,644.0
Curacao,2021,129.9
Dinamarca,2021,120991.45
Dominica,2021,165.21
Ecuador,2021,25035.24
Egipto,2021,5718.15
El Salvador,2021,240341.68
Emiratos Arabes Unidos,2021,11130.42
Eritrea,2021,0.0
Eslovaquia,2021,3699.53
Eslovenia,2021,4724.85
España,2021,354416.39
Estado del Vaticano,2021,3.01
Estados Unidos,2021,9596399.31
Estonia,2021,4206.88
Etiopía,2021,77.06
Filipinas,2021,13472.47
Finlandia,2021,18491.04
Fiyi,2021,67.41
Francia,2021,138888.09
Gambia,2021,45.68
Georgia,2021,90.76
Ghana,2021,0.65
Gibraltar,2021,0.03
Granada,2021,0.66
Grecia,2021,4633.65
Guadalupe,2021,18.19
Guam,2021,9.62
Guatemala,2021,502129.55
Guayana Francesa,2021,291.67
Guinea,2021,1.05
Guinea-Bisáu,2021,0.31
Guyana,2021,1356.07
Haití,2021,322.26
Holanda,2021,114470.08
Honduras,2021,156254.12
Hong Kong,2021,160397.6
Hungría,2021,50750.07
India,2021,201420.39
Indonesia,2021,43292.72
Irak,2021,0.5
Irlanda,2021,73701.37
Irán,2021,60.04
Isla Bouvet,2021,24.49
Isla de Navidad,2021,0.01
Islandia,2021,466.61
Islas Caimán,2021,22.34
Islas Cocos,2021,16.25
Islas Cook,2021,31.93
Islas Malvinas,2021,199.95
Islas Marianas del Norte,2021,2.87
Islas Salomón,2021,17.96
Islas Turcas y Caicos,2021,0.8
Islas Vírgenes,2021,83.27
Islas Vírgenes Británicas,2021,96.98
Israel,2021,32273.73
Italia,2021,221361.15
Jamaica,2021,1394.44
Japón,2021,410811.37
Jordania,2021,851.51
Kazajistán,2021,1.09
Kenia,2021,152.48
Kirguistan,2021,0.9
Kiribati,2021,1.53
Kuwait,2021,372.13
Laos,2021,294.92
Lesoto,2021,48.51
Letonia,2021,1930.29
Liberia,2021,1.79
Liechtenstein,2021,349.39
Lituania,2021,6072.14
Luxemburgo,2021,4029.78
Líbano,2021,100.46
Macao,2021,264.99
Macedonia,2021,21.77
Madagascar,2021,61.12
Malasia,2021,874306.82
Malaui,2021,363.82
Maldivas,2021,65.47
Malta,2021,252.27
Malí,2021,0.83
Marruecos,2021,4562.99
Martinica,2021,1.05
Mauricio,2021,460.94
Mauritania,2021,12.57
Micronesia,2021,0.02
Moldavia,2021,4.19
Mongolia,2021,36.15
Montenegro,2021,281.79
Montserrat,2021,375.47
Mozambique,2021,24.01
Myanmar,2021,1211.38
México,2021,1191631.15
Mónaco,2021,11.19
ND,2021,1114403.92
Namibia,2021,0.25
Nepal,2021,5.13
Nicaragua,2021,183619.94
Nigeria,2021,161.76
Niue,2021,0.62
Noruega,2021,18458.49
Nueva Caledonia,2021,3.75
Nueva Zelanda,2021,7261.6
Níger,2021,3.66
Omán,2021,9642.65
Pakistán,2021,6007.2
Palestina,2021,3.59
Panamá,2021,362269.15
Paraguay,2021,7653.62
Perú,2021,66387.34
Polinesia Francesa,2021,2.26
Polonia,2021,27568.05
Portugal,2021,17841.26
Puerto Rico,2021,24309.78
Reino Unido-No UE,2021,142862.85
República Centroafricana,2021,1.97
República Checa,2021,9946.73
República Democrática del Congo,2021,82.93
República Dominicana,2021,52748.1
Reunión,2021,21.03
Ruanda,2021,11.53
Rumania,2021,4499.42
Rusia,2021,83317.83
Samoa,2021,62.09
Samoa Americana,2021,33.03
San Cristóbal y Nieves,2021,1.13
San Marino,2021,40.97
San Martín,2021,0.94
San Vicente y las Granadinas,2021,89.93
Santa Lucía,2021,30.76
Santo Tomé y Príncipe,2021,8.18
Senegal,2021,30.21
Serbia,2021,1175.4
Sierra Leona,2021,0.24
Singapur,2021,119758.82
Siria,2021,2.73
Somalia,2021,0.23
Sri Lanka,2021,4229.05
Suazilandia,2021,26.25
Sudáfrica,2021,6516.98
Suecia,2021,54578.44
Suiza,2021,163711.08
Surinam,2021,38.15
Tailandia,2021,115641.71
Taiwán,2021,151959.62
Tanzania,2021,15.82
Tayikistán,2021,0.69
Territorio Británico del Océano Índico,2021,8.38
Territorios Australes Franceses,2021,0.06
Togo,2021,1.35
Tokelau,2021,2.45
Tonga,2021,0.11
Trinidad y Tobago,2021,14565.76
Turkmenistán,2021,0.2
Turquía,2021,106742.94
Túnez,2021,1368.63
Ucrania,2021,176443.61
Uganda,2021,3.3
Uruguay,2021,39496.01
Uzbekistán,2021,6.31
Vanuatu,2021,0.09
Venezuela,2021,14275.48
Vietnam,2021,295324.57
Wallis y Futuna,2021,0.13
Zambia,2021,47.07
Zona Franca,2021,3.97
Afganistán,2022,0.23
Albania,2022,40.86
Alemania,2022,509268.85
Andorra,2022,21.82
Angola,2022,1.16
Antigua y Barbuda,2022,10.03
Antillas Holandesas,2022,77957.89
Antártida,2022,0.08
Arabia Saudita,2022,12768.0
Argelia,2022,21246.77
Argentina,2022,177610.23
Armenia,2022,57.32
Aruba,2022,4.83
Australia,2022,6665.13
Austria,2022,34721.73
Azerbaiyán,2022,2.96
Bahamas,2022,4.57
Bangladés,2022,24462.32
Barbados,2022,108.49
Baréin,2022,4545.03
Belice,2022,623.48
Bermudas,2022,0.49
Bielorrusia,2022,3854.77
Bolivia,2022,11965.62
Bosnia y Herzegovina,2022,139.25
Botsuana,2022,23.23
Brasil,2022,509089.34
Brunéi Darussalam,2022,0.15
Bulgaria,2022,4017.35
Burkina Faso,2022,19.0
Burundi,2022,0.16
Bután,2022,0.03
Bélgica,2022,122973.75
Cabo Verde,2022,11.53
Camboya,2022,9872.79
Camerún,2022,2.13
Canadá,2022,259794.08
Catar,2022,5085.82
Chad,2022,4.36
Chile,2022,376637.87
China,2022,3387128.97
Chipre,2022,12.55
Colombia,2022,418027.43
Comoras,2022,2.24
Congo,2022,0.03
Corea del Norte,2022,430.31
Corea del Sur,2022,269244.61
Costa de Marfil,2022,147.19
Croacia,2022,297.11
Cuba,2022,309.57
Curacao,2022,83.69
Dinamarca,2022,102299.4
Dominica,2022,238.9
Ecuador,2022,34824.46
Egipto,2022,8187.33
El Salvador,2022,278823.55
Emiratos Arabes Unidos,2022,43731.35
Eslovaquia,2022,3626.97
Eslovenia,2022,6515.04
España,2022,392364.4
Estado del Vaticano,2022,0.4
Estados Unidos,2022,13992794.25
Estonia,2022,3147.18
Etiopía,2022,55.48
Filipinas,2022,25912.77
Finlandia,2022,23312.48
Fiyi,2022,223.51
Francia,2022,155551.09
Gabón,2022,1.89
Gambia,2022,2.88
Georgia,2022,362.44
Ghana,2022,1.88
Gibraltar,2022,10.53
Granada,2022,6.62
Grecia,2022,6011.13
Guadalupe,2022,1631.75
Guatemala,2022,573305.43
Guinea-Bisáu,2022,1.5
Guyana,2022,728.65
Haití,2022,371.38
Holanda,2022,128470.89
Honduras,2022,159687.78
Hong Kong,2022,158939.11
Hungría,2022,47312.03
India,2022,242540.02
Indonesia,2022,65685.7
Irlanda,2022,100655.6
Irán,2022,34.94
Isla Bouvet,2022,1.22
Isla Norfolk,2022,0.81
Isla de Navidad,2022,3.41
Islandia,2022,1010.15
Islas Caimán,2022,34.68
Islas Cocos,2022,4.44
Islas Cook,2022,0.24
Islas Feroe,2022,0.28
Islas Heard y McDonald,2022,0.46
Islas Marianas del Norte,2022,0.63
Islas Marshall,2022,124.98
Islas Turcas y Caicos,2022,0.35
Islas Vírgenes,2022,0.5
Islas Vírgenes Británicas,2022,293.85
Israel,2022,50215.91
Italia,2022,241312.05
Jamaica,2022,1335.91
Japón,2022,643388.54
Jordania,2022,910.03
Kazajistán,2022,6.93
Kenia,2022,421.08
Kirguistan,2022,6.58
Kuwait,2022,55.63
Laos,2022,378.01
Lesoto,2022,23.94
Letonia,2022,2386.56
Liberia,2022,127.01
Libia,2022,0.87
Liechtenstein,2022,514.85
Lituania,2022,17932.81
Luxemburgo,2022,2381.85
Líbano,2022,103.31
Macao,2022,135.0
Macedonia,2022,42.62
Madagascar,2022,94.24
Malasia,2022,860039.81
Malaui,2022,253.47
Maldivas,2022,219.55
Malta,2022,246.95
Malí,2022,0.23
Marruecos,2022,6571.02
Martinica,2022,1320.84
Mauricio,2022,132.18
Mauritania,2022,2.26
Moldavia,2022,12.17
Mongolia,2022,8.65
Montenegro,2022,0.13
Montserrat,2022,2.9
Mozambique,2022,33.36
Myanmar,2022,1325.41
México,2022,1330414.71
Mónaco,2022,44.41
ND,2022,938826.5
Namibia,2022,1.62
Nauru,2022,6.43
Nepal,2022,36.25
Nicaragua,2022,223087.67
Nigeria,2022,725.48
Niue,2022,5.7
Noruega,2022,31637.26
Nueva Caledonia,2022,5.38
Nueva Zelanda,2022,12340.43
Níger,2022,0.0
Omán,2022,6187.69
Pakistán,2022,7847.62
Palaos,2022,1.03
Palestina,2022,0.57
Panamá,2022,387584.88
Papúa Nueva Guinea,2022,751.01
Paraguay,2022,7170.86
Perú,2022,83830.17
Polinesia Francesa,2022,2.75
Polonia,2022,34781.41
Portugal,2022,17898.81
Puerto Rico,2022,29137.98
Reino Unido-No UE,2022,139522.25
República Centroafricana,2022,1.04
República Checa,2022,13493.72
República Democrática del Congo,2022,0.99
República Dominicana,2022,67464.25
Reunión,2022,7.17
Ruanda,2022,1.49
Rumania,2022,4834.15
Rusia,2022,112739.65
Sahara Occidental,2022,0.01
Samoa,2022,9.28
Samoa Americana,2022,66.84
San Cristóbal y Nieves,2022,6.43
San Marino,2022,109.04
Santa Helena,2022,0.02
Santo Tomé y Príncipe,2022,13.41
Senegal,2022,11.02
Serbia,2022,2584.69
Seychelles,2022,0.27
Sierra Leona,2022,2.47
Singapur,2022,205512.78
Siria,2022,20.31
Somalia,2022,38.26
Sri Lanka,2022,5199.8
Suazilandia,2022,240.57
Sudáfrica,2022,9735.29
Sudán,2022,4.8
Sudán del Sur,2022,0.06
Suecia,2022,66062.62
Suiza,2022,180446.58
Surinam,2022,103.51
Svalbard y Jan Mayen,2022,21.12
Tailandia,2022,181971.79
Taiwán,2022,174547.07
Tanzania,2022,62.66
Tayikistán,2022,14.28
Territorio Británico del Océano Índico,2022,1.82
Territorios Australes Franceses,2022,0.04
Timor-Leste,2022,0.17
Togo,2022,0.02
Tokelau,2022,0.93
Trinidad y Tobago,2022,6374.12
Turkmenistán,2022,1.61
Turquía,2022,135803.96
Túnez,2022,2233.36
Ucrania,2022,88482.52
Uganda,2022,8.94
Uruguay,2022,55394.01
Uzbekistán,2022,0.06
Vanuatu,2022,0.04
Venezuela,2022,12934.64
Vietnam,2022,211668.54
Zambia,2022,50.95
Zimbabue,2022,9.48
Zona Canal Panamá,2022,0.11
Afganistán,2023,26.99
Albania,2023,36.53
Alemania,2023,583107.56
Andorra,2023,117.18
Angola,2023,4.01
Antigua y Barbuda,2023,5.18
Antillas Holandesas,2023,38769.82
Antártida,2023,0.06
Arabia Saudita,2023,222295.91
Argelia,2023,1818.01
Argentina,2023,157788.76
Armenia,2023,53.27
Aruba,2023,29.81
Australia,2023,7399.15
Austria,2023,64128.16
Azerbaiyán,2023,2.13
Bahamas,2023,8527.39
Bangladés,2023,25091.21
Barbados,2023,124.83
Baréin,2023,3545.57
Belice,2023,1846.83
Bermudas,2023,142.3
Bielorrusia,2023,484.8
Bolivia,2023,10588.58
Bosnia y Herzegovina,2023,487.34
Botsuana,2023,1.78
Brasil,2023,673138.0
Brunéi Darussalam,2023,5.31
Bulgaria,2023,4147.45
Burundi,2023,4.34
Bután,2023,0.77
Bélgica,2023,269804.07
Cabo Verde,2023,1.46
Camboya,2023,11076.66
Camerún,2023,41.76
Canadá,2023,293614.41
Catar,2023,3984.55
Chad,2023,8.91
Chile,2023,362085.77
China,2023,3683647.22
Chipre,2023,268.6
Colombia,2023,421276.22
Comoras,2023,0.05
Congo,2023,0.14
Corea del Norte,2023,662.38
Corea del Sur,2023,313826.58
Costa de Marfil,2023,150.32
Croacia,2023,468.1
Cuba,2023,1373.15
Curacao,2023,77.6
Dinamarca,2023,104655.62
Dominica,2023,316.76
Ecuador,2023,66645.27
Egipto,2023,5068.94
El Salvador,2023,280571.19
Emiratos Arabes Unidos,2023,10497.4
Eslovaquia,2023,3146.48
Eslovenia,2023,6227.11
España,2023,421601.78
Estados Unidos,2023,12257687.9
Estonia,2023,3089.43
Etiopía,2023,54.79
Filipinas,2023,39029.57
Finlandia,2023,28045.73
Fiyi,2023,121.97
Francia,2023,165493.45
Gabón,2023,0.19
Gambia,2023,60.31
Georgia,2023,681.78
Ghana,2023,0.59
Gibraltar,2023,3.44
Granada,2023,5.72
Grecia,2023,14244.41
Guadalupe,2023,4915.82
Guatemala,2023,606353.14
Guayana Francesa,2023,0.26
Guinea,2023,0.28
Guinea-Bisáu,2023,0.5
Guyana,2023,1177.13
Haití,2023,462.14
Holanda,2023,362328.25
Honduras,2023,179863.15
Hong Kong,2023,140028.56
Hungría,2023,78455.94
India,2023,258581.64
Indonesia,2023,174571.89
Irlanda,2023,178631.49
Irán,2023,74.27
Isla Bouvet,2023,3.24
Isla Norfolk,2023,0.19
Isla de Navidad,2023,0.75
Islandia,2023,867.95
Islas Caimán,2023,18.9
Islas Cocos,2023,2.02
Islas Feroe,2023,0.14
Islas Heard y McDonald,2023,0.13
Islas Malvinas,2023,4.85
Islas Marshall,2023,1.44
Islas Salomón,2023,0.73
Islas Turcas y Caicos,2023,1.8
Islas Vírgenes,2023,4.83
Islas Vírgenes Británicas,2023,187.42
Islas de Ultramar Menores de Estados Unidos,2023,3.64
Israel,2023,59695.35
Italia,2023,302997.99
Jamaica,2023,1264.64
Japón,2023,577272.92
Jordania,2023,873.71
Kazajistán,2023,15.04
Kenia,2023,165.08
Kirguistan,2023,2.17
Kuwait,2023,72.76
Laos,2023,679.7
Lesoto,2023,60.78
Letonia,2023,2714.09
Liberia,2023,291.55
Liechtenstein,2023,527.43
Lituania,2023,4274.93
Luxemburgo,2023,1048.3
Líbano,2023,8.07
Macao,2023,115.46
Macedonia,2023,24.92
Madagascar,2023,110.79
Malasia,2023,529744.16
Malaui,2023,0.7
Maldivas,2023,111.25
Malta,2023,529.4
Malí,2023,8.14
Marruecos,2023,21568.11
Martinica,2023,2719.84
Mauricio,2023,177.75
Mauritania,2023,1.05
Moldavia,2023,43.86
Mongolia,2023,55.12
Montenegro,2023,0.23
Montserrat,2023,9.17
Mozambique,2023,5.91
Myanmar,2023,1786.34
México,2023,1480674.89
Mónaco,2023,43.13
ND,2023,1438155.82
Namibia,2023,29.77
Nauru,2023,29.61
Nepal,2023,21.9
Nicaragua,2023,239086.8
Nigeria,2023,120.72
Niue,2023,0.52
Noruega,2023,30404.82
Nueva Caledonia,2023,0.11
Nueva Zelanda,2023,8324.77
Níger,2023,0.09
Omán,2023,2962.62
Pakistán,2023,7953.46
Palaos,2023,0.06
Palestina,2023,12.77
Panamá,2023,436403.53
Papúa Nueva Guinea,2023,382.65
Paraguay,2023,13976.62
Perú,2023,90519.21
Pitcairn,2023,0.01
Polinesia Francesa,2023,1.87
Polonia,2023,34450.75
Portugal,2023,17769.35
Puerto Rico,2023,27245.05
Reino Unido-No UE,2023,174785.78
República Centroafricana,2023,20.75
República Checa,2023,19339.28
República Democrática del Congo,2023,202.55
República Dominicana,2023,66932.54
Reunión,2023,1.62
Ruanda,2023,71.8
Rumania,2023,5354.4
Rusia,2023,60362.88
Samoa,2023,0.07
Samoa Americana,2023,45.49
San Cristóbal y Nieves,2023,24.3
San Marino,2023,172.81
San Martín,2023,1.73
San Vicente y las Granadinas,2023,0.06
Santa Helena,2023,0.1
Santa Lucía,2023,4.25
Santo Tomé y Príncipe,2023,1.05
Senegal,2023,2.47
Serbia,2023,1093.79
Sierra Leona,2023,1.44
Singapur,2023,139455.93
Siria,2023,45.93
Somalia,2023,8.64
Sri Lanka,2023,5106.88
Suazilandia,2023,41.81
Sudáfrica,2023,7387.0
Suecia,2023,51861.29
Suiza,2023,173659.04
Surinam,2023,96.16
Svalbard y Jan Mayen,2023,30.21
Tailandia,2023,226473.88
Taiwán,2023,222834.81
Tanzania,2023,70.39
Tayikistán,2023,0.56
Territorio Británico del Océano Índico,2023,0.03
Timor-Leste,2023,1.75
Togo,2023,0.01
Trinidad y Tobago,2023,2573.63
Turkmenistán,2023,0.21
Turquía,2023,125750.27
Túnez,2023,1657.76
Ucrania,2023,7815.23
Uganda,2023,11.71
Uruguay,2023,74420.35
Uzbekistán,2023,395.57
Vanuatu,2023,1.77
Venezuela,2023,7567.21
Vietnam,2023,202083.67
Wallis y Futuna,2023,0.63
Zambia,2023,433.72
Zimbabue,2023,1.73
Afganistán,2024,2.97
Albania,2024,293.84
Alemania,2024,620811.83
Andorra,2024,41.49
Angola,2024,18.4
Anguila,2024,21.28
Antigua y Barbuda,2024,134.91
Antillas Holandesas,2024,50248.75
Antártida,2024,0.09
Arabia Saudita,2024,6909.23
Argelia,2024,0.14
Argentina,2024,215107.89
Armenia,2024,50.57
Aruba,2024,73.32
Australia,2024,18100.69
Austria,2024,53575.78
Azerbaiyán,2024,0.14
Bahamas,2024,17.95
Bangladés,2024,27055.62
Barbados,2024,82.98
Baréin,2024,1214.1
Belice,2024,1063.19
Benín,2024,15.41
Bermudas,2024,3.49
Bielorrusia,2024,2293.05
Bolivia,2024,7796.73
"Bonaire, San Eustaquio y Saba",2024,30237.95
Bosnia y Herzegovina,2024,463.74
Botsuana,2024,10.54
Brasil,2024,698730.6
Brunéi Darussalam,2024,1.25
Bulgaria,2024,6346.94
Burkina Faso,2024,0.09
Bélgica,2024,137167.45
Camboya,2024,14510.46
Camerún,2024,4.15
Canadá,2024,278239.2
Catar,2024,8960.22
Chad,2024,0.36
Chile,2024,403563.65
China,2024,4546226.31
Chipre,2024,347.07
Colombia,2024,451125.21
Congo,2024,3.5
Corea del Norte,2024,109.32
Corea del Sur,2024,330386.6
Costa de Marfil,2024,20.46
Croacia,2024,405.68
Cuba,2024,967.65
Curacao,2024,43.03
Dinamarca,2024,108605.36
Dominica,2024,141.31
Ecuador,2024,57881.62
Egipto,2024,4701.06
El Salvador,2024,291559.46
Emiratos Arabes Unidos,2024,21546.54
Eritrea,2024,0.53
Eslovaquia,2024,4186.17
Eslovenia,2024,7753.04
España,2024,451945.48
Estados Unidos,2024,12592474.13
Estonia,2024,2616.96
Etiopía,2024,55.38
Filipinas,2024,51022.34
Finlandia,2024,31598.02
Fiyi,2024,131.67
Francia,2024,161507.69
Gabón,2024,1.69
Gambia,2024,378.18
Georgia,2024,249.1
Ghana,2024,2.4
Gibraltar,2024,481.21
Granada,2024,19.32
Grecia,2024,21362.64
Groenlandia,2024,0.17
Guadalupe,2024,2582.1
Guam,2024,0.05
Guatemala,2024,642780.17
Guinea,2024,2.35
Guinea Ecuatoriana,2024,1.4
Guyana,2024,968.18
Haití,2024,263.84
Holanda,2024,480619.74
Honduras,2024,177369.38
Hong Kong,2024,132129.56
Hungría,2024,80580.54
India,2024,281845.87
Indonesia,2024,142313.39
Irlanda,2024,153650.56
Irán,2024,103.34
Isla Bouvet,2024,4.92
Islandia,2024,1343.64
Islas Caimán,2024,2.4
Islas Cocos,2024,11.29
Islas Heard y McDonald,2024,34.44
Islas Malvinas,2024,64.14
Islas Marianas del Norte,2024,0.66
Islas Marshall,2024,0.1
Islas Salomón,2024,0.7
Islas Turcas y Caicos,2024,2.35
Islas Vírgenes,2024,33496.56
Islas Vírgenes Británicas,2024,243.71
Islas de Ultramar Menores de Estados Unidos,2024,0.21
Israel,2024,117903.84
Italia,2024,317883.33
Jamaica,2024,1220.93
Japón,2024,867766.26
Jordania,2024,978.99
Kazajistán,2024,0.83
Kenia,2024,152.14
Kirguistan,2024,70.43
Kiribati,2024,0.02
Kuwait,2024,3.6
Laos,2024,1060.18
Lesoto,2024,7.8
Letonia,2024,2258.43
Liberia,2024,28.46
Liechtenstein,2024,683.96
Lituania,2024,3590.65
Luxemburgo,2024,1689.29
Líbano,2024,53.3
Macao,2024,653.19
Macedonia,2024,22.36
Madagascar,2024,75.28
Malasia,2024,616922.33
Malaui,2024,1.35
Maldivas,2024,342.27
Malta,2024,1103.27
Malí,2024,25.44
Marruecos,2024,12346.23
Martinica,2024,1781.83
Mauricio,2024,112.16
Mauritania,2024,3.11
Moldavia,2024,17.79
Mongolia,2024,0.17
Montenegro,2024,1.63
Montserrat,2024,0.92
Mozambique,2024,48.26
Myanmar,2024,1363.03
México,2024,1596902.43
Mónaco,2024,71.31
ND,2024,1309502.3
Namibia,2024,3.2
Nauru,2024,10.29
Nepal,2024,95.52
Nicaragua,2024,222701.02
Nigeria,2024,166.72
Niue,2024,1.39
Noruega,2024,23735.34
Nueva Caledonia,2024,12.16
Nueva Zelanda,2024,10830.41
Níger,2024,12.16
Omán,2024,1565.86
Pakistán,2024,8077.48
Palestina,2024,0.63
Panamá,2024,492693.58
Papúa Nueva Guinea,2024,0.42
Paraguay,2024,24634.47
Perú,2024,115426.03
Polinesia Francesa,2024,2.67
Polonia,2024,51271.29
Portugal,2024,20567.62
Puerto Rico,2024,32793.95
Reino Unido-No UE,2024,188490.92
República Centroafricana,2024,1.65
República Checa,2024,15077.9
República Democrática del Congo,2024,730.41
República Dominicana,2024,69931.48
Ruanda,2024,2.65
Rumania,2024,5440.85
Rusia,2024,68873.58
Sahara Occidental,2024,0.92
Samoa,2024,0.01
Samoa Americana,2024,81.43
San Cristóbal y Nieves,2024,17.07
San Marino,2024,1209.67
San Martín,2024,13.39
Santa Helena,2024,0.04
Senegal,2024,4.99
Serbia,2024,2181.78
Seychelles,2024,0.4
Sierra Leona,2024,9.48
Singapur,2024,100485.08
Siria,2024,77.59
Somalia,2024,2.84
Sri Lanka,2024,6470.93
Suazilandia,2024,4.95
Sudáfrica,2024,3646.92
Sudán del Sur,2024,3.61
Suecia,2024,49753.08
Suiza,2024,191220.15
Surinam,2024,111.43
Tailandia,2024,265972.74
Taiwán,2024,227180.59
Tanzania,2024,8.37
Tayikistán,2024,12.16
Territorio Británico del Océano Índico,2024,2.27
Territorios Australes Franceses,2024,8.37
Timor-Leste,2024,5.9
Togo,2024,0.29
Tokelau,2024,4.09
Trinidad y Tobago,2024,5613.49
Turkmenistán,2024,30.08
Turquía,2024,124890.47
Túnez,2024,2069.5
Ucrania,2024,6355.72
Uganda,2024,9.69
Uruguay,2024,83208.6
Uzbekistán,2024,3.62
Vanuatu,2024,0.89
Venezuela,2024,9095.37
Vietnam,2024,240632.69
Wallis y Futuna,2024,3.68
Zambia,2024,49.44
Zimbabue,2024,0.23
Afganistán,2025,82.94
Albania,2025,57.82
Alemania,2025,696383.59
Andorra,2025,90.66
Angola,2025,13.96
Anguila,2025,1.08
Antigua y Barbuda,2025,37.67
Antillas Holandesas,2025,42.43
Antártida,2025,2.74
Arabia Saudita,2025,8832.08
Argelia,2025,9.64
Argentina,2025,218968.0
Armenia,2025,2.85
Aruba,2025,5.73
Australia,2025,8013.58
Austria,2025,61033.61
Azerbaiyán,2025,0.05
Bahamas,2025,2.65
Bangladés,2025,32718.32
Barbados,2025,98.11
Baréin,2025,4645.93
Belice,2025,1837.48
Benín,2025,0.19
Bermudas,2025,0.26
Bielorrusia,2025,463.17
Bolivia,2025,2403.37
Bosnia y Herzegovina,2025,344.83
Botsuana,2025,23.01
Brasil,2025,500470.18
Brunéi Darussalam,2025,10.5
Bulgaria,2025,7055.78
Burkina Faso,2025,0.49
Bélgica,2025,118939.42
Cabo Verde,2025,0.22
Camboya,2025,16942.85
Camerún,2025,2.27
Canadá,2025,316928.53
Catar,2025,3033.82
Chad,2025,0.06
Chile,2025,408833.62
China,2025,4853155.1
Chipre,2025,612.43
Colombia,2025,469811.33
Comoras,2025,0.11
Congo,2025,1.99
Corea del Norte,2025,258.19
Corea del Sur,2025,297829.04
Costa de Marfil,2025,47.52
Croacia,2025,2849.62
Cuba,2025,203.79
Curacao,2025,8.01
Dinamarca,2025,130144.38
Dominica,2025,23.57
Ecuador,2025,59689.81
Egipto,2025,9009.5
El Salvador,2025,285915.2
Emiratos Arabes Unidos,2025,32219.48
Eslovaquia,2025,6198.1
Eslovenia,2025,19480.86
España,2025,483607.87
Estados Unidos,2025,10440276.47
Estonia,2025,2311.63
Etiopía,2025,314.03
Filipinas,2025,30041.54
Finlandia,2025,30668.02
Fiyi,2025,119.85
Francia,2025,189398.43
Gambia,2025,63.15
Georgia,2025,958.09
Ghana,2025,1.31
Gibraltar,2025,57.7
Granada,2025,8.68
Grecia,2025,14863.22
Groenlandia,2025,0.14
Guadalupe,2025,2820.78
Guatemala,2025,623662.88
Guinea,2025,0.52
Guinea-Bisáu,2025,1.93
Guyana,2025,453.89
Haití,2025,396.97
Holanda,2025,245206.18
Honduras,2025,190641.03
Hong Kong,2025,119861.7
Hungría,2025,42393.2
India,2025,363548.05
Indonesia,2025,146689.14
Irlanda,2025,221772.32
Irán,2025,80.48
Isla Bouvet,2025,2.36
Isla Norfolk,2025,0.04
Isla de Navidad,2025,0.09
Islandia,2025,1064.83
Islas Caimán,2025,36.35
Islas Cocos,2025,2.04
Islas Cook,2025,8.78
Islas Heard y McDonald,2025,1.28
Islas Marianas del Norte,2025,0.8
Islas Marshall,2025,3.16
Islas Turcas y Caicos,2025,66.63
Islas Vírgenes,2025,22.22
Islas Vírgenes Británicas,2025,7.43
Islas de Ultramar Menores de Estados Unidos,2025,0.98
Israel,2025,153844.44
Italia,2025,333481.32
Jamaica,2025,1104.84
Japón,2025,688025.17
Jordania,2025,1454.53
Kazajistán,2025,22.86
Kenia,2025,177.73
Kirguistan,2025,0.01
Kuwait,2025,6.97
Laos,2025,681.58
Lesoto,2025,80.78
Letonia,2025,2394.13
Liberia,2025,0.99
Libia,2025,1.76
Liechtenstein,2025,506.65
Lituania,2025,5611.17
Luxemburgo,2025,1892.86
Líbano,2025,153.36
Macao,2025,1466.31
Macedonia,2025,175.72
Madagascar,2025,132.54
Malasia,2025,431331.55
Malaui,2025,2.23
Maldivas,2025,444.36
Malta,2025,129.74
Malí,2025,1.95
Marruecos,2025,6362.56
Martinica,2025,1839.77
Mauricio,2025,208.26
Mauritania,2025,14.16
Moldavia,2025,11.52
Mongolia,2025,12.28
Montenegro,2025,1.16
Montserrat,2025,7.58
Mozambique,2025,6.74
Myanmar,2025,1273.12
México,2025,1523446.36
Mónaco,2025,52.32
ND,2025,0.76
Namibia,2025,5.42
Nauru,2025,2.54
Nepal,2025,37.9
Nicaragua,2025,213735.36
Nigeria,2025,284.19
Noruega,2025,28898.26
Nueva Caledonia,2025,131.17
Nueva Zelanda,2025,11267.59
Níger,2025,0.01
Omán,2025,2226.98
Pakistán,2025,10069.27
Palaos,2025,38.14
Palestina,2025,0.08
Panamá,2025,326943.96
Papúa Nueva Guinea,2025,565.42
Paraguay,2025,42042.59
Perú,2025,143184.2
Polinesia Francesa,2025,1.31
Polonia,2025,66710.79
Portugal,2025,23425.44
Puerto Rico,2025,35248.46
Reino Unido-No UE,2025,194675.51
República Centroafricana,2025,2.05
República Checa,2025,18582.99
República Democrática del Congo,2025,0.81
República Dominicana,2025,68788.28
Reunión,2025,13.01
Rumania,2025,8452.04
Rusia,2025,77918.76
Sahara Occidental,2025,0.49
Samoa Americana,2025,93.43
San Cristóbal y Nieves,2025,6.99
San Marino,2025,286.21
San Vicente y las Granadinas,2025,1.39
Santa Lucía,2025,7.16
Santo Tomé y Príncipe,2025,0.32
Senegal,2025,27.41
Serbia,2025,1875.84
Sierra Leona,2025,9.03
Singapur,2025,70673.91
Siria,2025,21.84
Somalia,2025,0.28
Sri Lanka,2025,5914.11
Suazilandia,2025,4.04
Sudáfrica,2025,5610.39
Sudán,2025,0.4
Sudán del Sur,2025,445.19
Suecia,2025,59602.2
Suiza,2025,227377.17
Surinam,2025,78.56
Svalbard y Jan Mayen,2025,2.13
Tailandia,2025,245933.55
Taiwán,2025,233806.32
Tanzania,2025,2.1
Tayikistán,2025,5.07
Territorio Británico del Océano Índico,2025,0.36
Territorios Australes Franceses,2025,0.81
Tokelau,2025,2.06
Tonga,2025,1.39
Trinidad y Tobago,2025,8428.95
Turkmenistán,2025,10.9
Turquía,2025,117610.09
Tuvalu,2025,0.92
Túnez,2025,3634.79
Ucrania,2025,7225.99
Uganda,2025,10.61
Uruguay,2025,90043.69
Uzbekistán,2025,126.63
Vanuatu,2025,70.33
Venezuela,2025,8326.1
Vietnam,2025,229106.77
Zambia,2025,125.62
Zimbabue,2025,0.15
